Workbook

Sheet May
A1: Date | B1: Task | C1: Amount of time | D1: Daily Total | E1: Weekly total | F1: Monthly:
A2: 45796 | B2: Fill out forms for HR | C2: 0.75 | D2: =SUM(C2:C14) -> 7.5 | E2: =SUM(D2:D43) -> 38
A3: 45796 | B3: Meeting with Hannah | C3: 0.75
A4: 45796 | B4: 25/26 kick off material reading | C4: 0.75
A5: 45796 | B5: Email and admin | C5: 0.75
A6: 45796 | B6: Reading Safeguard document | C6: 1
A7: 45796 | B7: HR introduction | C7: 0.5
A8: 45796 | B8: Staff Behavior Policy | C8: 0.25
A9: 45796 | B9: Healthbox info update | C9: 0.25
A10: 45796 | B10: Touchbase Hannah | C10: 0.25
A11: 45796 | B11: TES Safeguarding (Module 1) | C11: 0.5
A12: 45796 | B12: TES Safeguarding (Module 2) | C12: 1
A13: 45796 | B13: Exploring documentation | C13: 0.25
A14: 45796 | B14: IT Document on DocuSign | C14: 0.5
A15: 45797 | B15: TES Safeguarding (Module 3) | C15: 0.5 | D15: =SUM(C15:C22) -> 7.5
A16: 45797 | B16: TES Safeguarding (Module 4) | C16: 0.5
A17: 45797 | B17: TES Equality and Diversity (Module 1) | C17: 1
A18: 45797 | B18: Safeguarding HR meeting | C18: 0.5
A19: 45797 | B19: TES Equality and Diversity (Module 2) | C19: 0.5
A20: 45797 | B20: TES Prevent duty | C20: 1
A21: 45797 | B21: Review material W1D1 | C21: 2.5
A22: 45797 | B22: Review material W1D2 | C22: 1
A23: 45798 | B23: Review material W1D2 | C23: 1.25 | D23: =SUM(C23:C31) -> 8
A24: 45798 | B24: Review policy documents | C24: 1.25
A25: 45798 | B25: TES Cybersecurity | C25: 0.75
A26: 45798 | B26: Quality induction | C26: 0.75
A27: 45798 | B27: Candidate engagement induction | C27: 0.5
A28: 45798 | B28: Chit chat Wednesday | C28: 0.5
A29: 45798 | B29: TES GDPR | C29: 1
A30: 45798 | B30: Review material W1D3 | C30: 1.5
A31: 45798 | B31: Nearpod exploration | C31: 0.5
A32: 45799 | B32: Review material W1D3 | C32: 1 | D32: =SUM(C32:C38) -> 7.5
A33: 45799 | B33: Prep W1D1 | C33: 2.75
A34: 45799 | B34: Nearpod report download documentation | C34: 0.5
A35: 45799 | B35: Review material W1D4 | C35: 2
A36: 45799 | B36: Review material W2D1 | C36: 0.75
A37: 45799 | B37: Reveiw material W2D2 | C37: 0.25
A38: 45799 | B38: Career support | C38: 0.25
A39: 45800 | B39: Time with Dan | C39: 6 | D39: =SUM(C39:C43) -> 7.5
A40: 45800 | B40: Email and admin | C40: 0.25
A41: 45800 | B41: Review HR documents | C41: 0.5
A42: 45800 | B42: Install Tableau | C42: 0.25
A43: 45800 | B43: Dowload and review material | C43: 0.5
A44: 45803 | B44: Bank Holiday | C44: 7.5 | D44: =SUM(C44) -> 7.5 | E44: =SUM(C44:C80) -> 37.75
A45: 45804 | B45: Email and admin | C45: 0.25 | D45: =SUM(C45:C49) -> 7.5
A46: 45804 | B46: Observing week 1 with Christian | C46: 6
A47: 45804 | B47: Review material W2D2 | C47: 0.25
A48: 45804 | B48: Meeting with Leigh Christodoulou | C48: 0.5
A49: 45804 | B49: Prepare W1D3 | C49: 0.5
A50: 45805 | B50: Prepare W1D3 | C50: 0.25 | D50: =SUM(C50:C53) -> 7.75
A51: 45805 | B51: Prepare W1D4 | C51: 1
A52: 45805 | B52: Observing week 1 with Christian | C52: 3
A53: 45805 | B53: Prepare W2D1 | C53: 3.5
A54: 45806 | B54: Prepare W2D2 | C54: 3.5 | D54: =SUM(C54:C57) -> 7.5
A55: 45806 | B55: Prepare W2D3 | C55: 3.25
A56: 45806 | B56: Meeting with Hannah | C56: 0.5
A57: 45806 | B57: Training for phishing | C57: 0.25
A58: 45807 | B58: Prepare W2D3 | C58: 1.5 | D58: =SUM(C58:C66) -> 7.5
A59: 45807 | B59: Prepare W2D4 | C59: 3.5
A60: 45807 | B60: Prepare W3D1 | C60: 2
A61: 45807 | B61: Prepare W3D2 | C61: 0.5

Sheet June
A1: Date | B1: Task | C1: Amount of time | D1: Daily total | E1: Weekly total | F1: Monthly total | G1: Theoretical hours | H1: Diff
A2: 45810 | B2: Review material W3D2 | C2: 0.5 | D2: =SUM(C2:C6) -> 7.75 | E2: =SUM(D2, D7, D11, D16, D20) -> 38.25 | F2: =SUM(E2, E26, E45, E62, E83) -> 167.75 | G2: =COUNT(_xlfn.UNIQUE(A:A))*7.5 -> 157.5 | H2: =F2-G2 -> 10.25
A3: 45810 | B3: Review material W3D3 | C3: 3
A4: 45810 | B4: 25/26 kick off material reading | C4: 2.25 | F4: CPD hours
A5: 45810 | B5: Installing MySQL | C5: 1 | F5: =SUMIF(_xlfn._TRO_ALL(B:B), "*Data Camp CPD*",_xlfn._TRO_ALL( C:C)) -> 13.5
A6: 45810 | B6: Review materiel W4D1 | C6: 1
A7: 45811 | B7: Review material W4D1 | C7: 1.5 | D7: =SUM(C7:C10) -> 7.5 | F7: Total student feedback
A8: 45811 | B8: Review material W4D2 | C8: 4 | F8: =SUMIF(_xlfn._TRO_ALL(B:B), "*student feedback*",_xlfn._TRO_ALL( C:C)) -> 20
A9: 45811 | B9: Review material W4D3 | C9: 1.75
A10: 45811 | B10: Review material W4D4 | C10: 0.25
A11: 45812 | B11: Review material W4D4 | C11: 1.5 | D11: =SUM(C11:C15) -> 7.75
A12: 45812 | B12: Review material W5D1 | C12: 1
A13: 45812 | B13: Meeting with Hannah | C13: 1
A14: 45812 | B14: Introduction to Tableau Data Camp CPD | C14: 4
A15: 45812 | B15: Weekly ChitChat | C15: 0.25
A16: 45813 | B16: Introduction to Power BI Data Camp CPD | C16: 3.5 | D16: =SUM(C16:C19) -> 7.5
A17: 45813 | B17: Meeting John Parkin | C17: 0.5
A18: 45813 | B18: Skillable practice | C18: 1
A19: 45813 | B19: Introduction to Excel Data Camp CPD | C19: 2.5
A20: 45814 | B20: Check in with Christian | C20: 1 | D20: =SUM(C20:C24) -> 7.75
A21: 45814 | B21: Prep for setup, practice with Nearpod, slides management | C21: 2
A22: 45814 | B22: Quick check in with Yusuf | C22: 0.25
A23: 45814 | B23: Analyzing Data in Tableau (Preparing for Analysis) Data Camp CPD | C23: 3.5
A24: 45814 | B24: Data team catch up | C24: 1
A25: 45814 | B25: Exploring teams' Teams | C25: 0.25
A26: 45817 | B26: Teaching | C26: 6 | D26: =SUM(C26:C28) -> 7.5 | E26: =SUM(D26:D44) -> 39
A27: 45817 | B27: Prep for setup, class revision | C27: 0.75
A28: 45817 | B28: Follow ups for students, setting up documents in Teams | C28: 0.75
A29: 45818 | B29: Teaching | C29: 6 | D29: =SUM(C29:C31) -> 7.5
A30: 45818 | B30: Prep for setup, class revision | C30: 0.75
A31: 45818 | B31: Prep documents for feedback process | C31: 0.75
A32: 45819 | B32: Teaching | C32: 6 | D32: =SUM(C32:C37) -> 8.25
A33: 45819 | B33: Prep for setup, class revision | C33: 0.75
A34: 45819 | B34: Chit chat Wednesday | C34: 0.25
A35: 45819 | B35: Prep documents for feedback process | C35: 0.5
A36: 45819 | B36: Touchbase with Hannah | C36: 0.5
A37: 45819 | B37: LAR form filled | C37: 0.25
A38: 45820 | B38: Teaching | C38: 6 | D38: =SUM(C38:C41) -> 7.75
A39: 45820 | B39: Prep for setup, class revision | C39: 0.75
A40: 45820 | B40: Prep Teams channel for next week | C40: 0.75
A41: 45820 | B41: LAR form filled | C41: 0.25
A42: 45821 | B42: Wider theme mapping meeting | C42: 0.5 | D42: =SUM(C42:C45) -> 8
A43: 45821 | B43: Student feedback | C43: 5
A44: 45821 | B44: Newbie catchup | C44: 1
A45: 45824 | B45: Migration | C45: 1.5 | D45: =SUM(C45:C48) -> 8.25 | E45: =SUM(C45:C61) -> 42
A46: 45824 | B46: Feedback process improvement | C46: 5.75
A47: 45824 | B47: Workbook review for 1 student | C47: 0.25
A48: 45824 | B48: Prep Teams channel the week (repeat) | C48: 0.75
A49: 45825 | B49: Prep for setup, class revision | C49: 0.75 | D49: =SUM(C49:C52) -> 7.75
A50: 45825 | B50: Teaching | C50: 6
A51: 45825 | B51: Daily feedback preparing | C51: 0.5
A52: 45825 | B52: Migration follow up for students login | C52: 0.5
A53: 45826 | B53: Prep for setup, class revision | C53: 0.75 | D53: =SUM(C53:C57) -> 8
A54: 45826 | B54: Teaching | C54: 6
A55: 45826 | B55: Student feedback | C55: 0.5
A56: 45826 | B56: Chit chat Wednesday | C56: 0.5
A57: 45826 | B57: Prep infos for Christian | C57: 0.25
A58: 45796 | B58: OOO | C58: 7.5 | D58: =SUM(C58) -> 7.5
A59: 45828 | B59: Prep for setup, class revision | C59: 1 | D59: =SUM(C59:C61) -> 10.5
A60: 45828 | B60: Teaching | C60: 6
A61: 45828 | B61: Student feedback | C61: 3.5
A62: 45831 | B62: Student feedback | C62: 2.75 | D62: =SUM(C62:C64) -> 9.25 | E62: =SUM(D62,D65,D68,D74,D79) -> 41
A63: 45831 | B63: Teaching | C63: 6
A64: 45831 | B64: Prep for setup, class revision | C64: 0.5
A65: 45832 | B65: Prep for setup, class revision | C65: 0.5 | D65: =SUM(C65:C67) -> 7.75
A66: 45832 | B66: Teaching | C66: 6
A67: 45832 | B67: Student feedback | C67: 1.25
A68: 45833 | B68: Prep for setup, class revision | C68: 0.5 | D68: =SUM(C68:C73) -> 8.5
A69: 45833 | B69: Teaching | C69: 6
A70: 45833 | B70: Chit chat Wednesday | C70: 0.5
A71: 45833 | B71: Follow up with Jonathan Winter | C71: 0.5
A72: 45833 | B72: Follow up with IT problems | C72: 0.25
A73: 45833 | B73: Student feedback | C73: 0.75
A74: 45834 | B74: Prep for setup, class revision | C74: 0.25 | D74: =SUM(C74:C78) -> 7.75
A75: 45834 | B75: Admin (info email for Leigh) | C75: 0.25
A76: 45834 | B76: Teaching | C76: 6
A77: 45834 | B77: 1:1 function skills support for 1 student | C77: 0.75
A78: 45834 | B78: Student feedback | C78: 0.5
A79: 45835 | B79: Student feedback | C79: 5.75 | D79: =SUM(C79:C82) -> 7.75
A80: 45835 | B80: 1:1 Hannah | C80: 0.5
A81: 45835 | B81: Meeting Jonathan Winter | C81: 1
A82: 45835 | B82: Support Sanabel for feedback | C82: 0.5
A83: 45838 | B83: Prep Week 4 Day 1 | C83: 1.5 | D83: =SUM(C83:C87) -> 7.5 | E83: =SUM(D83) -> 7.5
A84: 45838 | B84: Setup | C84: 1
A85: 45838 | B85: Prep Week 5 Day 1 | C85: 3
A86: 45838 | B86: Prep Week 5 Day 2 | C86: 2

Sheet July
A1: Date | B1: Task | C1: Amount of time | D1: Daily total | E1: Weekly total | F1: Monthly total | G1: Theoretical hours | H1: Diff
A2: 45839 | B2: Preparing Week 4 Day 2 | C2: 3.5 | D2: =SUM(C2:C5) -> 7.75 | E2: =SUM(D2, D6, D12, D19) -> 30.25 | F2: =SUM(E2,E25,E45,E67, E85) -> 174.75 | G2: =COUNT(_xlfn.UNIQUE(A:A))*7.5 -> 172.5 | H2: =F2-G2 -> 2.25
A3: 45839 | B3: Feedback process improvement | C3: 0.5
A4: 45839 | B4: 25/26 kick off material reading | C4: 3.5 | F4: CPD hours
A5: 45839 | B5: Preparing Week 5 Day 4 | C5: 0.25 | F5: =SUMIF(_xlfn._TRO_ALL(B:B), "*Data Camp CPD*",_xlfn._TRO_ALL( C:C)) -> 25.25
A6: 45840 | B6: Preparing Week 5 Day 4 | C6: 4 | D6: =SUM(C6:C11) -> 7.5
A7: 45840 | B7: Preparing Week 6 Day 1 | C7: 1 | F7: Total student feedback
A8: 45840 | B8: Preparing Week 6 Day 2 | C8: 0.5 | F8: =SUMIF(_xlfn._TRO_ALL(B:B), "Student feedback",_xlfn._TRO_ALL( C:C)) -> 14
A9: 45840 | B9: Preparing Week 6 Day 3 | C9: 0.5
A10: 45840 | B10: Preparing Week 4 Day 3 | C10: 1.25
A11: 45840 | B11: Follow up with Jonathan Winter (find the right video) | C11: 0.25
A12: 45841 | B12: Preparing Week 4 Day 4 | C12: 1 | D12: =SUM(C12:C18) -> 7.75
A13: 45841 | B13: Preparing Week 6 Day 4 | C13: 0.25
A14: 45841 | B14: Skillable Azure | C14: 1.25
A15: 45841 | B15: Canvas | C15: 1.5
A16: 45841 | B16: Google sites | C16: 3
A17: 45841 | B17: Insert data in learner profile | C17: 0.5
A18: 45841 | B18: Touchbase Leigh | C18: 0.25
A19: 45842 | B19: Go through workbooks | C19: 0.5 | D19: =SUM(C19:C24) -> 7.25
A20: 45842 | B20: Skillable Azure | C20: 1.5
A21: 45842 | B21: Preparing Week 4 Day 4 | C21: 0.5
A22: 45842 | B22: Setup Week 4 in Teams + feedback process | C22: 0.75
A23: 45842 | B23: Follow up LAR with Hannah | C23: 0.25
A24: 45842 | B24: Data manipulation with pandas Data Camp CPD | C24: 3.75
A25: 45845 | B25: Prep for setup, class revision | C25: 0.75 | D25: =SUM(C25:C28) -> 7.5 | E25: =SUM(D25, D29, D33, D38, D41) -> 39
A26: 45845 | B26: Teaching | C26: 6
A27: 45845 | B27: Student feedback | C27: 0.5
A28: 45845 | B28: Admin | C28: 0.25
A29: 45846 | B29: Prep for setup, class revision | C29: 0.75 | D29: =SUM(C29:C32) -> 7.5
A30: 45846 | B30: Teaching | C30: 6
A31: 45846 | B31: Meeting Progress Tracking | C31: 0.5
A32: 45846 | B32: Follow up - Leigh | C32: 0.25
A33: 45847 | B33: Prep for setup, class revision | C33: 0.5 | D33: =SUM(C33:C37) -> 8.5
A34: 45847 | B34: Teaching (support students for labs) | C34: 7
A35: 45847 | B35: Support student for portfolio | C35: 0.25
A36: 45847 | B36: Raising LARs | C36: 0.5
A37: 45847 | B37: Code for intervention counter | C37: 0.25
A38: 45848 | B38: Prep for setup, class revision | C38: 0.5 | D38: =SUM(C38:C40) -> 7.5
A39: 45848 | B39: Teaching | C39: 6
A40: 45848 | B40: Code for intervention counter | C40: 1
A41: 45849 | B41: Student feedback | C41: 5 | D41: =SUM(C41:C44) -> 8
A42: 45849 | B42: 1:1 with Hannah | C42: 0.5
A43: 45849 | B43: Newbie meeting | C43: 1
A44: 45849 | B44: Data manipulation with pandas Data Camp CPD | C44: 1.5
A45: 45852 | B45: Prep for setup, class revision | C45: 0.75 | D45: =SUM(C45:C48) -> 8.5 | E45: =SUM(D45, D49, D52, D57, D61) -> 38
A46: 45852 | B46: Teaching | C46: 6
A47: 45852 | B47: Admin follow ups | C47: 0.25
A48: 45852 | B48: VBA script to import data in registry for feedback process | C48: 1.5
A49: 45853 | B49: Prep for setup, class revision | C49: 0.5 | D49: =SUM(C49:C51) -> 7
A50: 45853 | B50: Teaching | C50: 6
A51: 45853 | B51: Admin follow ups | C51: 0.5
A52: 45854 | B52: Prep for setup, class revision | C52: 0.5 | D52: =SUM(C52:C56) -> 8
A53: 45854 | B53: Teaching | C53: 6
A54: 45854 | B54: Chit chat Wednesday | C54: 0.5
A55: 45854 | B55: Raising LARs | C55: 0.25
A56: 45854 | B56: VBA script to import data in registry for feedback process | C56: 0.75
A57: 45855 | B57: Prep for setup, class revision | C57: 0.5 | D57: =SUM(C57:C60) -> 7.5
A58: 45855 | B58: Teaching | C58: 6
A59: 45855 | B59: Monthly Business Update meeting | C59: 0.75
A60: 45855 | B60: VBA script to import data in registry for feedback process | C60: 0.25
A61: 45856 | B61: Groupe Profile meeting | C61: 0.5 | D61: =SUM(C61:C66) -> 7
A62: 45856 | B62: Student feedback | C62: 4.75
A63: 45856 | B63: Catch up with Jonathan Winter | C63: 0.5
A64: 45856 | B64: Catch up with Sanabel for LAR | C64: 0.5
A65: 45856 | B65: LAR follow ups | C65: 0.25
A66: 45856 | B66: Internet connection problem troubleshoot | C66: 0.5
A67: 45859 | B67: Prep for setup, class revision | C67: 0.75 | D67: =SUM(C67:C70) -> 7.5 | E67: =SUM(D67,D70, D74, D78, D81) -> 38
A68: 45859 | B68: Teaching | C68: 6
A69: 45859 | B69: Added dates in registry | C69: 0.25
A70: 45860 | B70: Prep for setup, class revision | C70: 0.5 | D70: =SUM(C70:C73) -> 7.25
A71: 45860 | B71: Teaching | C71: 6
A72: 45860 | B72: Raising LARs | C72: 0.25
A73: 45860 | B73: Admin follow up (extra file) | C73: 0.5
A74: 45861 | B74: Prep for setup, class revision | C74: 0.5 | D74: =SUM(C74:C77) -> 7
A75: 45861 | B75: Teaching | C75: 6
A76: 45861 | B76: Admin | C76: 0.25
A77: 45861 | B77: VBA script to import data in registry for feedback process | C77: 0.25
A78: 45862 | B78: Prep for setup, class revision | C78: 0.5 | D78: =SUM(C78:C81) -> 8.5
A79: 45862 | B79: Teaching | C79: 6
A80: 45862 | B80: Data manipulation with pandas Data Camp CPD | C80: 1
A81: 45863 | B81: VBA script to import data in registry for feedback process | C81: 1 | D81: =SUM(C81:C84) -> 7.75
A82: 45863 | B82: Student feedback | C82: 3.75
A83: 45863 | B83: Data manipulation with pandas Data Camp CPD | C83: 1.5
A84: 45863 | B84: Data preparation in Excel Data Camp CPD | C84: 1.5
A85: 45866 | B85: Data preparation in Excel Data Camp CPD | C85: 2.5 | D85: =SUM(C85:C91) -> 7.5 | E85: =SUM(D85, D92, D95, D101) -> 29.5
A86: 45866 | B86: Exploring how to set up cohort automatically | C86: 0.5
A87: 45866 | B87: Improvement on VBA feedback process | C87: 0.75
A88: 45866 | B88: Prep for 1:1 | C88: 0.5
A89: 45866 | B89: Touchbase with Gavin | C89: 0.75
A90: 45866 | B90: Student support | C90: 0.75
A91: 45866 | B91: Analyzing Data in Tableau Data Camp CPD | C91: 1.75
A92: 45867 | B92: Analyzing Data in Tableau Data Camp CPD | C92: 4.5 | D92: =SUM(C92:C94) -> 6.75
A93: 45867 | B93: Power Automate workflow (not working) | C93: 1.75
A94: 45867 | B94: Powershell script | C94: 0.5
A95: 45868 | B95: Introduction to DAX in PowerBI Data Camp CPD | C95: 2.75 | D95: =SUM(C95:C100) -> 7.5
A96: 45868 | B96: General admin | C96: 0.25
A97: 45868 | B97: Prep for 1:1 | C97: 0.25
A98: 45868 | B98: Powershell script | C98: 3
A99: 45868 | B99: 1:1 with Hannah | C99: 0.75
A100: 45868 | B100: Chit chat Wednesday | C100: 0.5
...

Sheet August
A1: Date | B1: Task | C1: Amount of time | D1: Daily total | E1: Weekly total | F1: Monthly total | G1: Theoretical hours | H1: Diff
A2: 45870 | B2: Case Study: Analyzing Customer Churn in Power BI Data Camp CPD | C2: 3 | D2: =SUMIF(_xlfn._TRO_ALL(A:A), A2,_xlfn._TRO_ALL( C:C)) -> 7.75 | E2: {=SUM(_xlfn.MAP(A2:INDEX(A:A, COUNTA(A:A)), C2:INDEX(C:C, COUNTA(C:C)), _xlfn.LAMBDA(_xlpm.a,_xlpm.b, IF(WEEKNUM(_xlpm.a)=WEEKNUM(A2), _xlpm.b, 0))))} -> 7.75 | F2: =SUM(_xlfn._TRO_ALL(E:E)) -> 163.75 | G2: =COUNT(_xlfn.UNIQUE(A:A))*7.5 -> 157.5 | H2: =F2-G2 -> 6.25
A3: 45870 | B3: Working on student feedback dashboard | C3: 1
A4: 45870 | B4: 25/26 kick off material reading | C4: 0.75 | F4: CPD hours
A5: 45870 | B5: Meetup with newbies | C5: 1.25 | F5: =SUMIF(_xlfn._TRO_ALL(B:B), "*Data Camp CPD*",_xlfn._TRO_ALL( C:C)) -> 8.5
A6: 45870 | B6: Follow ups | C6: 0.5
A7: 45870 | B7: Prep Week 1 | C7: 1.25 | F7: Total Student feedback
A8: 45873 | B8: Prep for class, setup | C8: 1 | D8: =SUMIF(_xlfn._TRO_ALL(A:A), A8,_xlfn._TRO_ALL( C:C)) -> 7.5 | E8: {=SUM(_xlfn.MAP(A2:INDEX(A:A, COUNTA(A:A)), C2:INDEX(C:C, COUNTA(C:C)), _xlfn.LAMBDA(_xlpm.a,_xlpm.b, IF(WEEKNUM(_xlpm.a)=WEEKNUM(A8), _xlpm.b, 0))))} -> 40.5 | F8: =SUMIF(_xlfn._TRO_ALL(B:B), "Student feedback",_xlfn._TRO_ALL( C:C)) -> 25
A9: 45873 | B9: Teaching | C9: 6
A10: 45873 | B10: Post teaching admin work | C10: 0.5
A11: 45874 | B11: Prep for class, setup | C11: 1 | D11: =SUMIF(_xlfn._TRO_ALL(A:A), A11,_xlfn._TRO_ALL( C:C)) -> 8
A12: 45874 | B12: Teaching | C12: 6
A13: 45874 | B13: Check on the graduation video | C13: 1
A14: 45875 | B14: Prep for class, setup | C14: 0.75 | D14: =SUMIF(_xlfn._TRO_ALL(A:A), A14,_xlfn._TRO_ALL( C:C)) -> 7.25
A15: 45875 | B15: Teaching | C15: 6
A16: 45875 | B16: Working on time sheet to get professional development hours | C16: 0.5
A17: 45876 | B17: Prep for class, setup | C17: 0.75 | D17: =SUMIF(_xlfn._TRO_ALL(A:A), A17,_xlfn._TRO_ALL( C:C)) -> 8.75
A18: 45876 | B18: Teaching | C18: 6
A19: 45876 | B19: Prep feedback for Progress Tracker | C19: 1.25
A20: 45876 | B20: Student feedback | C20: 0.75
A21: 45877 | B21: Student feedback | C21: 8 | D21: =SUMIF(_xlfn._TRO_ALL(A:A), A21,_xlfn._TRO_ALL( C:C)) -> 9
A22: 45877 | B22: Team meeting | C22: 1
A23: 45880 | B23: Prep for class, setup | C23: 1 | D23: =SUMIF(_xlfn._TRO_ALL(A:A), A23,_xlfn._TRO_ALL( C:C)) -> 7.5 | E23: {=SUM(_xlfn.MAP(A17:INDEX(A:A, COUNTA(A:A)), C17:INDEX(C:C, COUNTA(C:C)), _xlfn.LAMBDA(_xlpm.a,_xlpm.b, IF(WEEKNUM(_xlpm.a)=WEEKNUM(A23), _xlpm.b, 0))))} -> 39
A24: 45880 | B24: Teaching | C24: 6
A25: 45880 | B25: Student feedback | C25: 0.5
A26: 45881 | B26: Prep for class, setup | C26: 0.75 | D26: =SUMIF(_xlfn._TRO_ALL(A:A), A26,_xlfn._TRO_ALL( C:C)) -> 7.5
A27: 45881 | B27: Teaching | C27: 6
A28: 45881 | B28: Raising LAR's | C28: 0.5
A29: 45881 | B29: Layout progress tracker | C29: 0.25
A30: 45882 | B30: Prep for class, setup | C30: 0.5 | D30: =SUMIF(_xlfn._TRO_ALL(A:A), A30,_xlfn._TRO_ALL( C:C)) -> 7.75
A31: 45882 | B31: Teaching | C31: 6
A32: 45882 | B32: Pension update meeting | C32: 0.75
A33: 45882 | B33: General admin | C33: 0.5
A34: 45883 | B34: Prep for class, setup | C34: 0.5 | D34: =SUMIF(_xlfn._TRO_ALL(A:A), A34,_xlfn._TRO_ALL( C:C)) -> 8.25
A35: 45883 | B35: Teaching | C35: 6
A36: 45883 | B36: Student support | C36: 0.25
A37: 45883 | B37: Studend feedback | C37: 1.5
A38: 45884 | B38: Admin and student support | C38: 0.25 | D38: =SUMIF(_xlfn._TRO_ALL(A:A), A38,_xlfn._TRO_ALL( C:C)) -> 8
A39: 45884 | B39: Student feedback | C39: 6.75
A40: 45884 | B40: Touchbase with Hannah (LAR, vacation, Progress Tracker) | C40: 0.25
A41: 45884 | B41: Prep for next week | C41: 0.75
A42: 45887 | B42: Prep for class, setup | C42: 0.75 | D42: =SUMIF(_xlfn._TRO_ALL(A:A), A42,_xlfn._TRO_ALL( C:C)) -> 8 | E42: {=SUM(_xlfn.MAP(A36:INDEX(A:A, COUNTA(A:A)), C36:INDEX(C:C, COUNTA(C:C)), _xlfn.LAMBDA(_xlpm.a,_xlpm.b, IF(WEEKNUM(_xlpm.a)=WEEKNUM(A42), _xlpm.b, 0))))} -> 38.75
A43: 45887 | B43: Teaching | C43: 6.25
A44: 45887 | B44: Post teaching admin work | C44: 0.5
A45: 45887 | B45: Prep quizzez for SQL | C45: 0.5
A46: 45888 | B46: Prep for class, setup | C46: 0.75 | D46: =SUMIF(_xlfn._TRO_ALL(A:A), A46,_xlfn._TRO_ALL( C:C)) -> 8.5
A47: 45888 | B47: Teaching | C47: 6
A48: 45888 | B48: Student feedback | C48: 0.5
A49: 45888 | B49: Prep quizzes for SQL | C49: 1.25
A50: 45889 | B50: Prep for class, setup | C50: 0.5 | D50: =SUMIF(_xlfn._TRO_ALL(A:A), A50,_xlfn._TRO_ALL( C:C)) -> 7.25
A51: 45889 | B51: Teaching | C51: 6
A52: 45889 | B52: Chit chat Wednesday | C52: 0.25
A53: 45889 | B53: Student feedback | C53: 0.5
A54: 45890 | B54: Prep for class, setup | C54: 0.5 | D54: =SUMIF(_xlfn._TRO_ALL(A:A), A54,_xlfn._TRO_ALL( C:C)) -> 7.5
A55: 45890 | B55: Teaching | C55: 6
A56: 45890 | B56: Monthly Business Update | C56: 0.75
A57: 45890 | B57: Student feedback | C57: 0.25
A58: 45891 | B58: Student feedback | C58: 7.5 | D58: =SUMIF(_xlfn._TRO_ALL(A:A), A58,_xlfn._TRO_ALL( C:C)) -> 7.5
A59: 45894 | B59: Student feedback | C59: 0.25 | D59: =SUMIF(_xlfn._TRO_ALL(A:A), A59,_xlfn._TRO_ALL( C:C)) -> 7.75 | E59: {=SUM(_xlfn.MAP(A59:INDEX(A:A, COUNTA(A:A)),C59:INDEX( C:C, COUNTA(C:C)), _xlfn.LAMBDA(_xlpm.a,_xlpm.b, IF(WEEKNUM(_xlpm.a)=WEEKNUM(A59), _xlpm.b, 0))))} -> 37.75
A60: 45894 | B60: Bank holiday | C60: 7.5
A61: 45895 | B61: Anual leave (birthday) | C61: 7.5 | D61: =SUMIF(_xlfn._TRO_ALL(A:A), A61,_xlfn._TRO_ALL( C:C)) -> 7.5
A62: 45896 | B62: Admin and emails | C62: 0.5 | D62: =SUMIF(_xlfn._TRO_ALL(A:A), A62,_xlfn._TRO_ALL( C:C)) -> 8
A63: 45896 | B63: Training Apps new curriculum | C63: 6
A64: 45896 | B64: Data catch up with Anna | C64: 1.5
A65: 45897 | B65: Prep for 1:1 | C65: 0.75 | D65: =SUMIF(_xlfn._TRO_ALL(A:A), A65,_xlfn._TRO_ALL( C:C)) -> 7.25
A66: 45897 | B66: Improve feedback process | C66: 3.75
A67: 45897 | B67: Prep for week 4 | C67: 1
A68: 45897 | B68: 1:1 with Hannah | C68: 0.75
A69: 45897 | B69: Case Study: Analyzing Customer Churn in Power BI Data Camp CPD | C69: 1
A70: 45898 | B70: MFS meeting with Afsha | C70: 0.5 | D70: =SUMIF(_xlfn._TRO_ALL(A:A), A70,_xlfn._TRO_ALL( C:C)) -> 7.25
A71: 45898 | B71: Data Preparation for Power BI Data Camp CPD | C71: 3.75
A72: 45898 | B72: Reading MFS documentation | C72: 0.25
A73: 45898 | B73: Updating Learners - Additional needs in Group Profile | C73: 0.5
A74: 45898 | B74: Data Modeling in Power BI Data Camp CPD | C74: 0.75
A75: 45898 | B75: Data catch up with Anna | C75: 1.5

Sheet September
A1: Date | B1: Task | C1: Amount of time | D1: Daily total | E1: Weekly total | F1: Monthly total | G1: Theoretical hours | H1: Diff
A2: 45901 | B2: Prep for class, setup | C2: 0.5 | D2: =SUMIF(_xlfn._TRO_ALL(A:A), A2,_xlfn._TRO_ALL( C:C)) -> 7.5 | E2: {=SUM(_xlfn.MAP(A2:INDEX(A:A, COUNTA(A:A)), C2:INDEX(C:C, COUNTA(C:C)), _xlfn.LAMBDA(_xlpm.a,_xlpm.b, IF(WEEKNUM(_xlpm.a)=WEEKNUM(A2), _xlpm.b, 0))))} -> 38 | F2: =SUM(_xlfn._TRO_ALL(C:C)) -> 166.25 | G2: =COUNT(_xlfn.UNIQUE(A:A))*7.5 -> 165 | H2: =F2-G2 -> 1.25
A3: 45901 | B3: Teaching | C3: 5.25
A4: 45901 | B4: Grading workbook | C4: 1 | F4: CPD hours
A5: 45901 | B5: Data Modeling in Power BI Data Camp CPD | C5: 0.75 | F5: =SUMIF(_xlfn._TRO_ALL(B:B), "*Data Camp CPD*",_xlfn._TRO_ALL( C:C)) -> 9.75
A6: 45902 | B6: Prep for class, setup | C6: 0.25 | D6: =SUMIF(_xlfn._TRO_ALL(A:A), A6,_xlfn._TRO_ALL( C:C)) -> 7.25
A7: 45902 | B7: Teaching | C7: 6 | F7: Total student feedback
A8: 45902 | B8: Student support | C8: 0.5 | F8: =SUMIF(_xlfn._TRO_LEADING(B:B), "*student feedback*",_xlfn._TRO_ALL( C:C)) -> 8.5
A9: 45902 | B9: Student feedback | C9: 0.5
A10: 45903 | B10: Prep for class, setup | C10: 0.75 | D10: =SUMIF(_xlfn._TRO_ALL(A:A), A10,_xlfn._TRO_ALL( C:C)) -> 8.25
A11: 45903 | B11: Teaching | C11: 6.5
A12: 45903 | B12: Student feedback | C12: 0.75
A13: 45903 | B13: LAR follow up | C13: 0.25
A14: 45904 | B14: Prep for class, setup | C14: 0.5 | D14: =SUMIF(_xlfn._TRO_ALL(A:A), A14,_xlfn._TRO_ALL( C:C)) -> 7.75
A15: 45904 | B15: Teaching | C15: 6
A16: 45904 | B16: Prep for next week | C16: 0.25
A17: 45904 | B17: Student feedback | C17: 1
A18: 45905 | B18: Meeting with Jonathan about OneFile | C18: 1.25 | D18: =SUMIF(_xlfn._TRO_ALL(A:A), A18,_xlfn._TRO_ALL( C:C)) -> 7.25
A19: 45905 | B19: Catch-up with Leigh about learner | C19: 1.25
A20: 45905 | B20: Data catch up with Anna | C20: 1.25
A21: 45905 | B21: Student feedback | C21: 1.75
A22: 45905 | B22: Apprenticeship feedback for Christian | C22: 1.25
A23: 45905 | B23: Student support | C23: 0.25
A24: 45905 | B24: General admin | C24: 0.25
A25: 45908 | B25: Prep for class, setup | C25: 1 | D25: =SUMIF(_xlfn._TRO_ALL(A:A), A25,_xlfn._TRO_ALL( C:C)) -> 7.5 | E25: {=SUM(_xlfn.MAP(A2:INDEX(A:A, COUNTA(A:A)), C2:INDEX(C:C, COUNTA(C:C)), _xlfn.LAMBDA(_xlpm.a,_xlpm.b, IF(WEEKNUM(_xlpm.a)=WEEKNUM(A25), _xlpm.b, 0))))} -> 38.5
A26: 45908 | B26: Teaching | C26: 6
A27: 45908 | B27: Student support | C27: 0.5
A28: 45909 | B28: Prep for class, setup | C28: 0.75 | D28: =SUMIF(_xlfn._TRO_ALL(A:A), A28,_xlfn._TRO_ALL( C:C)) -> 8.25
A29: 45909 | B29: Teaching | C29: 6.25
A30: 45909 | B30: Going through Learner Walk documentation | C30: 1.25
A31: 45910 | B31: Prep for class, setup | C31: 0.75 | D31: =SUMIF(_xlfn._TRO_ALL(A:A), A31,_xlfn._TRO_ALL( C:C)) -> 7.5
A32: 45910 | B32: Teaching | C32: 6
A33: 45910 | B33: General admin | C33: 0.75
A34: 45911 | B34: Prep for class, setup | C34: 0.5 | D34: =SUMIF(_xlfn._TRO_ALL(A:A), A34,_xlfn._TRO_ALL( C:C)) -> 7.5
A35: 45911 | B35: Teaching | C35: 6
A36: 45911 | B36: Student feedback | C36: 1
A37: 45912 | B37: Catch-up with Hannah | C37: 0.5 | D37: =SUMIF(_xlfn._TRO_ALL(A:A), A37,_xlfn._TRO_ALL( C:C)) -> 7.75
A38: 45912 | B38: Student feedback | C38: 3.25
A39: 45912 | B39: Keeping updated about safeguarding | C39: 0.75
A40: 45912 | B40: General admin | C40: 0.75
A41: 45912 | B41: Data Modeling in Power BI Data Camp CPD | C41: 2
A42: 45912 | B42: Introduction to Python Data Camp CPD | C42: 0.5
A43: 45915 | B43: Providing links and infos for my leave | C43: 0.5 | D43: =SUMIF(_xlfn._TRO_ALL(A:A), A43,_xlfn._TRO_ALL( C:C)) -> 8 | E43: {=SUM(_xlfn.MAP(A2:INDEX(A:A, COUNTA(A:A)), C2:INDEX(C:C, COUNTA(C:C)), _xlfn.LAMBDA(_xlpm.a,_xlpm.b, IF(WEEKNUM(_xlpm.a)=WEEKNUM(A43), _xlpm.b, 0))))} -> 38
A44: 45915 | B44: Bereavement leave | C44: 7.5
A45: 45916 | B45: Bereavement leave | C45: 7.5 | D45: =SUMIF(_xlfn._TRO_ALL(A:A), A45,_xlfn._TRO_ALL( C:C)) -> 7.5
A46: 45917 | B46: Bereavement leave | C46: 7.5 | D46: =SUMIF(_xlfn._TRO_ALL(A:A), A46,_xlfn._TRO_ALL( C:C)) -> 7.5
A47: 45918 | B47: Bereavement leave | C47: 7.5 | D47: =SUMIF(_xlfn._TRO_ALL(A:A), A47,_xlfn._TRO_ALL( C:C)) -> 7.5
A48: 45919 | B48: Unpaid leave | C48: 7.5 | D48: =SUMIF(_xlfn._TRO_ALL(A:A), A48,_xlfn._TRO_ALL( C:C)) -> 7.5
A49: 45922 | B49: Unpaid leave | C49: 7.5 | D49: =SUMIF(_xlfn._TRO_ALL(A:A), A49,_xlfn._TRO_ALL( C:C)) -> 7.5 | E49: {=SUM(_xlfn.MAP(A2:INDEX(A:A, COUNTA(A:A)), C2:INDEX(C:C, COUNTA(C:C)), _xlfn.LAMBDA(_xlpm.a,_xlpm.b, IF(WEEKNUM(_xlpm.a)=WEEKNUM(A49), _xlpm.b, 0))))} -> 36
A50: 45923 | B50: AET Training CPD (presence) | C50: 5.25 | D50: =SUMIF(_xlfn._TRO_ALL(A:A), A50,_xlfn._TRO_ALL( C:C)) -> 7.5
A51: 45923 | B51: General admin work and catch up | C51: 1.5
A52: 45923 | B52: AET Training CPD (catching up) | C52: 0.75
A53: 45924 | B53: AET Training CPD (presence) | C53: 1.25 | D53: =SUMIF(_xlfn._TRO_ALL(A:A), A53,_xlfn._TRO_ALL( C:C)) -> 7.5
A54: 45924 | B54: AET Training CPD (catching up) | C54: 5
A55: 45924 | B55: AET Training CPD (personal work - portfolio) | C55: 0.5
A56: 45924 | B56: Data catch up with Anna | C56: 0.75
A57: 45925 | B57: General admin | C57: 0.5 | D57: =SUMIF(_xlfn._TRO_ALL(A:A), A57,_xlfn._TRO_ALL( C:C)) -> 6.25
A58: 45925 | B58: Introduction to Python Data Camp CPD | C58: 0.75
A59: 45925 | B59: Apprenticeship prep (M1) | C59: 2.25
A60: 45925 | B60: AET Training CPD (personal work - portfolio) | C60: 0.5
A61: 45925 | B61: Intermediate Python Data Camp CPD | C61: 2.25
A62: 45926 | B62: Follow up meeting with Jonathan Bond after observation | C62: 1.75 | D62: =SUMIF(_xlfn._TRO_ALL(A:A), A62,_xlfn._TRO_ALL( C:C)) -> 7.25
A63: 45926 | B63: Intermediate Python Data Camp CPD | C63: 3.5
A64: 45926 | B64: Apprenticeship prep (M1) got to slide 17 D2 | C64: 0.5
A65: 45926 | B65: Nearpod support Corie | C65: 1.5
A66: 45929 | B66: Character recommandation letter for student | C66: 0.5 | D66: =SUMIF(_xlfn._TRO_ALL(A:A), A66,_xlfn._TRO_ALL( C:C)) -> 7.25 | E66: {=SUM(_xlfn.MAP(A2:INDEX(A:A, COUNTA(A:A)), C2:INDEX(C:C, COUNTA(C:C)), _xlfn.LAMBDA(_xlpm.a,_xlpm.b, IF(WEEKNUM(_xlpm.a)=WEEKNUM(A66), _xlpm.b, 0))))} -> 15.75
A67: 45929 | B67: Graduation | C67: 2.75
A68: 45929 | B68: General admin | C68: 0.5
A69: 45929 | B69: Follow up mentoring Jonathan Bond | C69: 2
A70: 45929 | B70: AET Training CPD (catching up) | C70: 1.5
A71: 45930 | B71: Prep for class, setup | C71: 1 | D71: =SUMIF(_xlfn._TRO_ALL(A:A), A71,_xlfn._TRO_ALL( C:C)) -> 8.5
A72: 45930 | B72: Teaching | C72: 6.5
A73: 45930 | B73: Touchbase with Anna about course | C73: 0.75
A74: 45930 | B74: Prep files for student feedback | C74: 0.25

Sheet October
A1: Date | B1: Task | C1: Amount of time | D1: Daily total | E1: Weekly total | F1: Monthly total | G1: Theoretical hours | H1: Diff
A2: 45931 | B2: Prep for class, setup | C2: 0.75 | D2: =SUMIF(_xlfn._TRO_ALL(A:A), A2,_xlfn._TRO_ALL( C:C)) -> 7.25 | E2: {=SUM(_xlfn.MAP(A2:INDEX(A:A, COUNTA(A:A)), C2:INDEX(C:C, COUNTA(C:C)), _xlfn.LAMBDA(_xlpm.a,_xlpm.b, IF(WEEKNUM(_xlpm.a)=WEEKNUM(A2), _xlpm.b, 0))))} -> 22.25 | F2: =SUM(_xlfn._TRO_ALL(C:C)) -> 191 | G2: =(COUNT(_xlfn.UNIQUE(A:A))-1)*7.5 -> 172.5 | H2: =F2-G2 -> 18.5
A3: 45931 | B3: Teaching | C3: 6
A4: 45931 | B4: Student feedback prep | C4: 0.25 | F4: CPD hours
A5: 45931 | B5: Follow up with Anna for lesson | C5: 0.25 | F5: =SUMIF(_xlfn._TRO_ALL(B:B), "*CPD*",_xlfn._TRO_ALL( C:C)) -> 55.25
A6: 45932 | B6: Prep for class, setup | C6: 0.75 | D6: =SUMIF(_xlfn._TRO_ALL(A:A), A6,_xlfn._TRO_ALL( C:C)) -> 7.75
A7: 45932 | B7: Teaching | C7: 6.25 | F7: Total student feedback
A8: 45932 | B8: 1:1 with Hannah | C8: 0.75 | F8: =SUMIF(_xlfn._TRO_LEADING(B:B), "*student feedback*",_xlfn._TRO_ALL( C:C)) -> 15.75
A9: 45933 | B9: Prep for class, setup | C9: 0.75 | D9: =SUMIF(_xlfn._TRO_ALL(A:A), A9,_xlfn._TRO_ALL( C:C)) -> 7.25
A10: 45933 | B10: Teaching | C10: 6.5
A11: 45936 | B11: AET Training CPD (personal work - portfolio) | C11: 1.25 | D11: =SUMIF(_xlfn._TRO_ALL(A:A), A11,_xlfn._TRO_ALL( C:C)) -> 7.5 | E11: {=SUM(_xlfn.MAP(A2:INDEX(A:A, COUNTA(A:A)), C2:INDEX(C:C, COUNTA(C:C)), _xlfn.LAMBDA(_xlpm.a,_xlpm.b, IF(WEEKNUM(_xlpm.a)=WEEKNUM(A11), _xlpm.b, 0))))} -> 37.5
A12: 45936 | B12: General admin | C12: 0.25
A13: 45936 | B13: MFS Learner Walk document | C13: 1.75
A14: 45936 | B14: Apprenticeship prep (M1) | C14: 1.5
A15: 45936 | B15: Understanding Artificial Intelligence Data Camp CPD | C15: 1.25
A16: 45936 | B16: AET Training CPD (personal work - microteach) | C16: 1.5
A17: 45937 | B17: AET Training CPD (personal work - microteach) | C17: 0.25 | D17: =SUMIF(_xlfn._TRO_ALL(A:A), A17,_xlfn._TRO_ALL( C:C)) -> 8
A18: 45937 | B18: Understanding Artificial Intelligence Data Camp CPD | C18: 1.75
A19: 45937 | B19: Apprenticeship prep (M1) | C19: 0.75
A20: 45937 | B20: Apprenticeship prep (M1.2) | C20: 3.5
A21: 45937 | B21: Understanding ChatGPT Data Camp CPD | C21: 1
A22: 45937 | B22: Creating dashboards in Tableau Data Camp CPD | C22: 0.75
A23: 45938 | B23: Creating dashboards in Tableau Data Camp CPD | C23: 3.25 | D23: =SUMIF(_xlfn._TRO_ALL(A:A), A23,_xlfn._TRO_ALL( C:C)) -> 7.25
A24: 45938 | B24: General admin | C24: 0.25
A25: 45938 | B25: OneFile exploration | C25: 0.5
A26: 45938 | B26: Follow up with Alaa (covering his class tomorrow) | C26: 0.25
A27: 45938 | B27: Improve feedback process | C27: 3
A28: 45939 | B28: Prep for class, setup | C28: 1 | D28: =SUMIF(_xlfn._TRO_ALL(A:A), A28,_xlfn._TRO_ALL( C:C)) -> 7.75
A29: 45939 | B29: Teaching | C29: 5.75
A30: 45939 | B30: Monthly Business update | C30: 0.75
A31: 45939 | B31: General admin | C31: 0.25
A32: 45940 | B32: Understanding machine learning Data Camp CPD | C32: 1.5 | D32: =SUMIF(_xlfn._TRO_ALL(A:A), A32,_xlfn._TRO_ALL( C:C)) -> 7
A33: 45940 | B33: Data team meeting | C33: 1.5
A34: 45940 | B34: Improve feedback process | C34: 2
A35: 45940 | B35: AET Training CPD (personal work - portfolio) | C35: 2
A36: 45943 | B36: Prompt engineering with the OpenAI API Data Camp CPD | C36: 1.75 | D36: =SUMIF(_xlfn._TRO_ALL(A:A), A36,_xlfn._TRO_ALL( C:C)) -> 7.5 | E36: {=SUM(_xlfn.MAP(A2:INDEX(A:A, COUNTA(A:A)), C2:INDEX(C:C, COUNTA(C:C)), _xlfn.LAMBDA(_xlpm.a,_xlpm.b, IF(WEEKNUM(_xlpm.a)=WEEKNUM(A36), _xlpm.b, 0))))} -> 37
A37: 45943 | B37: AET Training CPD (personal work - portfolio) | C37: 5.25
A38: 45943 | B38: Support Anna for feedback process | C38: 0.5
A39: 45944 | B39: Prompt engineering with the OpenAI API Data Camp CPD | C39: 2.25 | D39: =SUMIF(_xlfn._TRO_ALL(A:A), A39,_xlfn._TRO_ALL( C:C)) -> 7.5
A40: 45944 | B40: Career Session shadowing Leigh | C40: 2.75
A41: 45944 | B41: AET Training CPD (personal work - portfolio) | C41: 2.5
A42: 45945 | B42: Large Language Models (LLMs) Concepts Data Camp CPD | C42: 1.25 | D42: =SUMIF(_xlfn._TRO_ALL(A:A), A42,_xlfn._TRO_ALL( C:C)) -> 7.5
A43: 45945 | B43: General admin | C43: 0.5
A44: 45945 | B44: AET Training CPD (personal work - portfolio) | C44: 5.5
A45: 45945 | B45: Chit Chat Wednesday | C45: 0.25
A46: 45946 | B46: Large Language Models (LLMs) Concepts Data Camp CPD | C46: 1.5 | D46: =SUMIF(_xlfn._TRO_ALL(A:A), A46,_xlfn._TRO_ALL( C:C)) -> 7.5
A47: 45946 | B47: General admin | C47: 0.75
A48: 45946 | B48: AET Training CPD (personal work - portfolio) | C48: 4.75
A49: 45946 | B49: Generative AI concepts Data Camp CPD | C49: 0.5
A50: 45947 | B50: Generative AI concepts Data Camp CPD | C50: 1.75 | D50: =SUMIF(_xlfn._TRO_ALL(A:A), A50,_xlfn._TRO_ALL( C:C)) -> 7
A51: 45947 | B51: AET Training CPD (personal work - portfolio) | C51: 0.75
A52: 45947 | B52: AI Ethics Data Camp CPD | C52: 2.25
A53: 45947 | B53: Improve feedback process | C53: 2.25
A54: 45950 | B54: Prep for class, setup | C54: 0.75 | D54: =SUMIF(_xlfn._TRO_ALL(A:A), A54,_xlfn._TRO_ALL( C:C)) -> 7.75 | E54: {=SUM(_xlfn.MAP(A2:INDEX(A:A, COUNTA(A:A)), C2:INDEX(C:C, COUNTA(C:C)), _xlfn.LAMBDA(_xlpm.a,_xlpm.b, IF(WEEKNUM(_xlpm.a)=WEEKNUM(A54), _xlpm.b, 0))))} -> 39.25
A55: 45950 | B55: Teaching | C55: 6
A56: 45950 | B56: Student feedback | C56: 1
A57: 45951 | B57: Prep for class, setup | C57: 0.75 | D57: =SUMIF(_xlfn._TRO_ALL(A:A), A57,_xlfn._TRO_ALL( C:C)) -> 7.5
A58: 45951 | B58: Teaching | C58: 6.25
A59: 45951 | B59: Student feedback | C59: 0.5
A60: 45952 | B60: Prep for class, setup | C60: 0.75 | D60: =SUMIF(_xlfn._TRO_ALL(A:A), A60,_xlfn._TRO_ALL( C:C)) -> 8.5
A61: 45952 | B61: Teaching | C61: 6.25
A62: 45952 | B62: Student feedback | C62: 0.25
A63: 45952 | B63: AET Training CPD (personal work - portfolio) | C63: 1.25
A64: 45953 | B64: Prep for class, setup | C64: 0.5 | D64: =SUMIF(_xlfn._TRO_ALL(A:A), A64,_xlfn._TRO_ALL( C:C)) -> 7.75
A65: 45953 | B65: Teaching | C65: 7
A66: 45953 | B66: Student feedback | C66: 0.25
A67: 45954 | B67: Student feedback | C67: 4.5 | D67: =SUMIF(_xlfn._TRO_ALL(A:A), A67,_xlfn._TRO_ALL( C:C)) -> 7.75
A68: 45954 | B68: Student support for portfolio | C68: 0.5
A69: 45954 | B69: 1:1 with Hannah | C69: 0.75
A70: 45954 | B70: Prep for next bootcamp cohort | C70: 0.75
A71: 45954 | B71: Support document for Data Lake Gen 2 upgrade Azure | C71: 0.5
A72: 45954 | B72: Improve feedback process (support multiple instructors) | C72: 0.5
A73: 45954 | B73: Improve feedback process (planning) | C73: 0.25
A74: 45956 | B74: AET Training CPD (personal work - portfolio) | C74: 7.25 | D74: =SUMIF(_xlfn._TRO_ALL(A:A), A74,_xlfn._TRO_ALL( C:C)) -> 7.5 | E74: {=SUM(_xlfn.MAP(A2:INDEX(A:A, COUNTA(A:A)), C2:INDEX(C:C, COUNTA(C:C)), _xlfn.LAMBDA(_xlpm.a,_xlpm.b, IF(WEEKNUM(_xlpm.a)=WEEKNUM(A74), _xlpm.b, 0))))} -> 55
A75: 45956 | B75: Prep for next bootcamp cohort | C75: 0.25
A76: 45957 | B76: Prep for class, setup | C76: 0.75 | D76: =SUMIF(_xlfn._TRO_ALL(A:A), A76,_xlfn._TRO_ALL( C:C)) -> 8.5
A77: 45957 | B77: Prep for next bootcamp cohort | C77: 0.25
A78: 45957 | B78: Teaching | C78: 7.25
A79: 45957 | B79: Student feedback | C79: 0.25
A80: 45958 | B80: AET Training CPD (personal work - portfolio) | C80: 1.25 | D80: =SUMIF(_xlfn._TRO_ALL(A:A), A80,_xlfn._TRO_ALL( C:C)) -> 9.5
A81: 45958 | B81: Prep for class, setup | C81: 0.75
A82: 45958 | B82: Teaching | C82: 7.25
A83: 45958 | B83: General admin | C83: 0.25
A84: 45959 | B84: Prep for class, setup | C84: 0.75 | D84: =SUMIF(_xlfn._TRO_ALL(A:A), A84,_xlfn._TRO_ALL( C:C)) -> 9
A85: 45959 | B85: Teaching | C85: 6
A86: 45959 | B86: Tech Talk & Tea | C86: 0.5
A87: 45959 | B87: General admin | C87: 0.75
A88: 45959 | B88: AET Training CPD (personal work - portfolio) | C88: 1
A89: 45960 | B89: Prep for class, setup | C89: 0.25 | D89: =SUMIF(_xlfn._TRO_ALL(A:A), A89,_xlfn._TRO_ALL( C:C)) -> 10.75
A90: 45960 | B90: Teaching | C90: 8
A91: 45960 | B91: Student feedback | C91: 1.75
A92: 45960 | B92: Improve feedback process (improve regex) | C92: 0.5
A93: 45960 | B93: General admin | C93: 0.25
A94: 45961 | B94: General admin | C94: 0.25 | D94: =SUMIF(_xlfn._TRO_ALL(A:A), A94,_xlfn._TRO_ALL( C:C)) -> 9.75
A95: 45961 | B95: Student support | C95: 2
A96: 45961 | B96: 1:1 with learner | C96: 0.25
A97: 45961 | B97: Chat with Eve Bourne about said learner | C97: 0.25
A98: 45961 | B98: Student feedback | C98: 7

Sheet November
A1: Date | B1: Task | C1: Amount of time | D1: Daily total | E1: Weekly total | F1: Monthly total | G1: Theoretical hours | H1: Diff
A2: 45962 | B2: AET Training CPD (personal work - portfolio) | C2: 2.5 | D2: =SUMIF(_xlfn._TRO_ALL(A:A), A2,_xlfn._TRO_ALL( C:C)) -> 2.5 | E2: {=SUM(_xlfn.MAP(A2:INDEX(A:A, COUNTA(A:A)), C2:INDEX(C:C, COUNTA(C:C)), _xlfn.LAMBDA(_xlpm.a,_xlpm.b, IF(WEEKNUM(_xlpm.a)=WEEKNUM(A2), _xlpm.b, 0))))} -> 2.5 | F2: =SUM(_xlfn._TRO_ALL(C:C)) -> 161.25 | G2: =(COUNT(_xlfn.UNIQUE(A:A))-3)*7.5 -> 150 | H2: =F2-G2 -> 11.25
A3: 45963 | B3: AET Training CPD (personal work - portfolio) | C3: 1.5 | D3: =SUMIF(_xlfn._TRO_ALL(A:A), A3,_xlfn._TRO_ALL( C:C)) -> 1.5
A4: 45964 | B4: General admin | C4: 0.25 | D4: =SUMIF(_xlfn._TRO_ALL(A:A), A4,_xlfn._TRO_ALL( C:C)) -> 8.5 | E4: {=SUM(_xlfn.MAP(A2:INDEX(A:A, COUNTA(A:A)), C2:INDEX(C:C, COUNTA(C:C)), _xlfn.LAMBDA(_xlpm.a,_xlpm.b, IF(WEEKNUM(_xlpm.a)=WEEKNUM(A4, 2), _xlpm.b, 0))))} -> 41.25 | F4: CPD hours
A5: 45964 | B5: Student feedback - Bootcamp | C5: 0.75 | F5: =SUMIF(_xlfn._TRO_ALL(B:B), "*CPD*",_xlfn._TRO_ALL( C:C)) -> 12.25
A6: 45964 | B6: Prep for class, setup | C6: 0.5
A7: 45964 | B7: Teaching | C7: 6.25 | F7: Total student feedback
A8: 45964 | B8: Scottish Widow meeting | C8: 0.75 | F8: =SUMIF(_xlfn._TRO_LEADING(B:B), "*student feedback*",_xlfn._TRO_ALL( C:C)) -> 21.5
A9: 45965 | B9: General admin | C9: 0.5 | D9: =SUMIF(_xlfn._TRO_ALL(A:A), A9,_xlfn._TRO_ALL( C:C)) -> 8
A10: 45965 | B10: Student feedback - Bootcamp | C10: 0.5
A11: 45965 | B11: Prep for class, setup | C11: 0.5
A12: 45965 | B12: Teaching | C12: 6.5
A13: 45966 | B13: General admin | C13: 0.5 | D13: =SUMIF(_xlfn._TRO_ALL(A:A), A13,_xlfn._TRO_ALL( C:C)) -> 8
A14: 45966 | B14: Prep for class, setup | C14: 0.75
A15: 45966 | B15: Teaching | C15: 6.25
A16: 45966 | B16: Student feedback - Bootcamp | C16: 0.5
A17: 45967 | B17: Prep for class, setup | C17: 0.25 | D17: =SUMIF(_xlfn._TRO_ALL(A:A), A17,_xlfn._TRO_ALL( C:C)) -> 7.5
A18: 45967 | B18: Teaching | C18: 6.5
A19: 45967 | B19: General admin | C19: 0.5
A20: 45967 | B20: Student feedback - Bootcamp | C20: 0.25
A21: 45968 | B21: General admin | C21: 0.25 | D21: =SUMIF(_xlfn._TRO_ALL(A:A), A21,_xlfn._TRO_ALL( C:C)) -> 7.75
A22: 45968 | B22: Student feedback - Bootcamp | C22: 2.5
A23: 45968 | B23: AET Training CPD (presence) | C23: 4
A24: 45968 | B24: AET Training CPD (personal work - portfolio) | C24: 0.25
A25: 45968 | B25: Walkthrough post observation with Afsha CPD | C25: 0.75
A26: 45970 | B26: Student feedback - Bootcamp | C26: 0.75 | D26: =SUMIF(_xlfn._TRO_ALL(A:A), A26,_xlfn._TRO_ALL( C:C)) -> 1 | E26: {=SUM(_xlfn.MAP(A2:INDEX(A:A, COUNTA(A:A)), C2:INDEX(C:C, COUNTA(C:C)), _xlfn.LAMBDA(_xlpm.a,_xlpm.b, IF(WEEKNUM(_xlpm.a)=WEEKNUM(A26), _xlpm.b, 0))))} -> 42.5
A27: 45970 | B27: General admin | C27: 0.25
A28: 45971 | B28: Prep for class, setup | C28: 0.75 | D28: =SUMIF(_xlfn._TRO_ALL(A:A), A28,_xlfn._TRO_ALL( C:C)) -> 8.5
A29: 45971 | B29: Teaching | C29: 6.5
A30: 45971 | B30: Student feedback - Bootcamp | C30: 0.25
A31: 45971 | B31: AET Training CPD (personal work - portfolio) | C31: 0.25
A32: 45971 | B32: Providing advice for learner in previous group | C32: 0.25
A33: 45971 | B33: General admin | C33: 0.5
A34: 45972 | B34: General admin | C34: 0.75 | D34: =SUMIF(_xlfn._TRO_ALL(A:A), A34,_xlfn._TRO_ALL( C:C)) -> 7.75
A35: 45972 | B35: Prep for class, setup | C35: 0.5
A36: 45972 | B36: Teaching | C36: 6
A37: 45972 | B37: Follow up with learner who missed classes for health reasons | C37: 0.25
A38: 45972 | B38: Student feedback - Bootcamp | C38: 0.25
A39: 45973 | B39: General admin | C39: 0.25 | D39: =SUMIF(_xlfn._TRO_ALL(A:A), A39,_xlfn._TRO_ALL( C:C)) -> 7.5
A40: 45973 | B40: Prep for class, setup | C40: 0.25
A41: 45973 | B41: Teaching | C41: 6
A42: 45973 | B42: Student feedback - Bootcamp | C42: 0.5
A43: 45973 | B43: Follow up with learners | C43: 0.5
A44: 45974 | B44: General admin | C44: 0.25 | D44: =SUMIF(_xlfn._TRO_ALL(A:A), A44,_xlfn._TRO_ALL( C:C)) -> 8.25
A45: 45974 | B45: Prep for class, setup | C45: 0.5
A46: 45974 | B46: Teaching | C46: 6
A47: 45974 | B47: Student feedback - Bootcamp | C47: 1.25
A48: 45974 | B48: Apprenticeship confusion time | C48: 0.25
A49: 45975 | B49: General admin | C49: 0.25 | D49: =SUMIF(_xlfn._TRO_ALL(A:A), A49,_xlfn._TRO_ALL( C:C)) -> 9.5
A50: 45975 | B50: Training Apprenticeship Corie CPD | C50: 1.5
A51: 45975 | B51: Support learner for portfolio | C51: 0.5
A52: 45975 | B52: Student feedback - Bootcamp | C52: 7.25
A53: 45978 | B53: General admin | C53: 0.5 | D53: =SUMIF(_xlfn._TRO_ALL(A:A), A53,_xlfn._TRO_ALL( C:C)) -> 7.25 | E53: {=SUM(_xlfn.MAP(A2:INDEX(A:A, COUNTA(A:A)), C2:INDEX(C:C, COUNTA(C:C)), _xlfn.LAMBDA(_xlpm.a,_xlpm.b, IF(WEEKNUM(_xlpm.a)=WEEKNUM(A53), _xlpm.b, 0))))} -> 36.75
A54: 45978 | B54: Prep for class, setup | C54: 0.75
A55: 45978 | B55: Teaching | C55: 6
A56: 45979 | B56: General admin | C56: 0.5 | D56: =SUMIF(_xlfn._TRO_ALL(A:A), A56,_xlfn._TRO_ALL( C:C)) -> 8.5
A57: 45979 | B57: Prep for class, setup | C57: 0.75
A58: 45979 | B58: Teaching | C58: 6
A59: 45979 | B59: Prep for 1:1 | C59: 0.5
A60: 45979 | B60: Student feedback - Apprenticeship | C60: 0.75
A61: 45980 | B61: General admin | C61: 2.75 | D61: =SUMIF(_xlfn._TRO_ALL(A:A), A61,_xlfn._TRO_ALL( C:C)) -> 7.5
A62: 45980 | B62: 1:1 with Hannah | C62: 0.5
A63: 45980 | B63: Student feedback - Apprenticeship | C63: 0.5
A64: 45980 | B64: Feedback process improvement for workbook | C64: 2.75
A65: 45980 | B65: Chit Chat Wednesday | C65: 0.5
A66: 45980 | B66: CPD Bitesize - Prevent | C66: 0.5
A67: 45981 | B67: Feedback process improvement for workbook | C67: 7.25 | D67: =SUMIF(_xlfn._TRO_ALL(A:A), A67,_xlfn._TRO_ALL( C:C)) -> 8
A68: 45981 | B68: Super Thrusday | C68: 0.75
A69: 45982 | B69: Student feedback - Apprenticeship | C69: 1 | D69: =SUMIF(_xlfn._TRO_ALL(A:A), A69,_xlfn._TRO_ALL( C:C)) -> 5.5
A70: 45982 | B70: General admin | C70: 0.75
A71: 45982 | B71: Feedback process improvement for workbook | C71: 3.5
A72: 45982 | B72: Prep class for next week | C72: 0.25
A73: 45985 | B73: General admin | C73: 0.5 | D73: =SUMIF(_xlfn._TRO_ALL(A:A), A73,_xlfn._TRO_ALL( C:C)) -> 7.75 | E73: {=SUM(_xlfn.MAP(A2:INDEX(A:A, COUNTA(A:A)), C2:INDEX(C:C, COUNTA(C:C)), _xlfn.LAMBDA(_xlpm.a,_xlpm.b, IF(WEEKNUM(_xlpm.a)=WEEKNUM(A73), _xlpm.b, 0))))} -> 38.25
A74: 45985 | B74: Prep for class, setup | C74: 0.5
A75: 45985 | B75: Teaching | C75: 6
A76: 45985 | B76: Reflective account post MFS | C76: 0.5
A77: 45985 | B77: Student feedback - Apprenticeship | C77: 0.25
A78: 45986 | B78: General admin | C78: 0.5 | D78: =SUMIF(_xlfn._TRO_LEADING(A:A), A78,_xlfn._TRO_ALL( C:C)) -> 8
A79: 45986 | B79: Prep for class, setup | C79: 0.5
A80: 45986 | B80: Teaching | C80: 6
A81: 45986 | B81: Student feedback - Apprenticeship | C81: 0.25
A82: 45986 | B82: Feedback process improvement for workbook | C82: 0.75
A83: 45987 | B83: General admin | C83: 0.25 | D83: =SUMIF(_xlfn._TRO_ALL(A:A), A83,_xlfn._TRO_ALL( C:C)) -> 8.5
A84: 45987 | B84: Prep for class, setup | C84: 0.25
A85: 45987 | B85: Teaching | C85: 6
A86: 45987 | B86: Student feedback - Bootcamp | C86: 0.5
A87: 45987 | B87: Feedback process improvement for workbook | C87: 1
A88: 45987 | B88: Tech Talk & Tea | C88: 0.5
A89: 45988 | B89: Prep for class, setup | C89: 0.25 | D89: =SUMIF(_xlfn._TRO_ALL(A:A), A89,_xlfn._TRO_ALL( C:C)) -> 7.5
A90: 45988 | B90: Teaching | C90: 6
A91: 45988 | B91: Feedback process improvement for workbook | C91: 1.25
A92: 45989 | B92: Student feedback - Bootcamp | C92: 3.25 | D92: =SUMIF(_xlfn._TRO_ALL(A:A), A92,_xlfn._TRO_ALL( C:C)) -> 6.5
A93: 45989 | B93: Reflective account post MFS | C93: 1
A94: 45989 | B94: General admin | C94: 0.25
A95: 45989 | B95: Catch up with Anna | C95: 0.75
A96: 45989 | B96: Student feedback - Apprenticeship | C96: 0.25
A97: 45989 | B97: Investigating Netflix Movied Data camp CPD | C97: 1

Sheet December
A1: Date | B1: Task | C1: Amount of time | D1: Daily total | E1: Weekly total | F1: Monthly total | G1: Theoretical hours | H1: Diff
A2: 45992 | B2: Prep for class, setup | C2: 0.25 | D2: =SUMIF(_xlfn._TRO_ALL(A:A), A2,_xlfn._TRO_ALL( C:C)) -> 7.25 | E2: {=SUM(_xlfn.MAP(A2:INDEX(A:A, COUNTA(A:A)), C2:INDEX(C:C, COUNTA(C:C)), _xlfn.LAMBDA(_xlpm.a,_xlpm.b, IF(WEEKNUM(_xlpm.a)=WEEKNUM(A2), _xlpm.b, 0))))} -> 39.75 | F2: =SUM(_xlfn._TRO_ALL(C:C)) -> 55.75 | G2: =COUNT(_xlfn.UNIQUE(A:A))* 7.5 -> 52.5 | H2: =F2-G2 -> 3.25
A3: 45992 | B3: New week setup | C3: 0.25
A4: 45992 | B4: Teaching | C4: 6 | F4: CPD hours
A5: 45992 | B5: Feedback process improvement for workbook | C5: 0.75 | F5: =SUMIF(_xlfn._TRO_ALL(B:B), "*CPD*",_xlfn._TRO_ALL( C:C)) -> 0
A6: 45993 | B6: Prep for class, setup | C6: 0.5 | D6: =SUMIF(_xlfn._TRO_ALL(A:A), A6,_xlfn._TRO_ALL( C:C)) -> 7.5
A7: 45993 | B7: Teaching | C7: 6.25 | F7: Total student feedback
A8: 45993 | B8: General admin | C8: 0.75 | F8: =SUMIF(_xlfn._TRO_LEADING(B:B), "*student feedback*",_xlfn._TRO_ALL( C:C)) -> 8.25
A9: 45994 | B9: Prep for class, setup | C9: 0.75 | D9: =SUMIF(_xlfn._TRO_ALL(A:A), A9,_xlfn._TRO_ALL( C:C)) -> 9
A10: 45994 | B10: Teaching | C10: 6
A11: 45994 | B11: MFS OTLA prep with Afsha | C11: 1
A12: 45994 | B12: Prep for OTLA | C12: 1
A13: 45994 | B13: General admin | C13: 0.25
A14: 45995 | B14: Prep for class, setup | C14: 0.25 | D14: =SUMIF(_xlfn._TRO_ALL(A:A), A14,_xlfn._TRO_ALL( C:C)) -> 8
A15: 45995 | B15: General admin | C15: 0.75
A16: 45995 | B16: Teaching | C16: 6
A17: 45995 | B17: Student feedback | C17: 1
A18: 45996 | B18: General admin | C18: 0.25 | D18: =SUMIF(_xlfn._TRO_ALL(A:A), A18,_xlfn._TRO_ALL( C:C)) -> 8
A19: 45996 | B19: 1:1 with Hannah | C19: 0.5
A20: 45996 | B20: Student feedback | C20: 5.5
A21: 45996 | B21: Feedback process improvement for workbook | C21: 1.75
A22: 45999 | B22: General admin | C22: 0.25 | D22: =SUMIF(_xlfn._TRO_ALL(A:A), A22,_xlfn._TRO_ALL( C:C)) -> 8 | E22: {=SUM(_xlfn.MAP(A2:INDEX(A:A, COUNTA(A:A)), C2:INDEX(C:C, COUNTA(C:C)), _xlfn.LAMBDA(_xlpm.a,_xlpm.b, IF(WEEKNUM(_xlpm.a)=WEEKNUM(A22), _xlpm.b, 0))))} -> 16
A23: 45999 | B23: Prep for class, setup | C23: 0.5
A24: 45999 | B24: Prep MFS OTLA | C24: 0.25
A25: 45999 | B25: Teaching | C25: 6
A26: 45999 | B26: Student feedback | C26: 1
A27: 46000 | B27: Prep for class, setup | C27: 0.5 | D27: =SUMIF(_xlfn._TRO_ALL(A:A), A27,_xlfn._TRO_ALL( C:C)) -> 8
A28: 46000 | B28: General admin | C28: 0.25
A29: 46000 | B29: Teaching | C29: 6
A30: 46000 | B30: Christmas team meeting | C30: 0.5
A31: 46000 | B31: Student feedback | C31: 0.75

Sheet AET
A1: AET Task | B1: Status | D1: Status options
A2: Essay | B2: Started | D2: Started
A3: Explain the teaching role and responsibilities in education and training | B3: Done | D3: First draft done
A4: Explain how the teaching role involves working with other professionals | B4: Done | D4: Reviewing
A5: Explain the boundaries between the teaching role and other professional roles | B5: Done | D5: Done
A6: Summarise key aspects of legislation, regulatory requirements and codes of practice relating to own role and responsibilities. | B6: Done
A7: Explain ways to promote equality and value diversity | B7: Done
A8: Explain why it is important to identify and meet individual learner needs | B8: Done | D8: Total tasks | E8: =COUNTA(A2:A45) - 3 -> 37
A9: Describe points of referral to meet the individual needs of learners | B9: Done | D9: First draft done | E9: =COUNTIF(B2:B37, "First draft done") -> 0 | F9: =E9/E8 -> 0
A10: Describe features of inclusive teaching and learning | B10: Done | D10: Not started | E10: =COUNTBLANK(B2:B37) -> 6 | F10: =E10/E8 -> 0.16216216
A11: Explain why it is important to create an inclusive teaching and learning environment | B11: Done | D11: Essay tasks | E11: =COUNTA(A3:A29) -> 27
A12: Explain ways to maintain a safe and supportive learning environment | B12: Done | D12: Essay first draft done | E12: =COUNTIF($B$3:$B$29, "First draft done") -> 0 | F12: =E12/E11 -> 0
A13: Explain why it is important to promote appropriate behaviour and respect for others | B13: Done | D13: Essay done | E13: =COUNTIF($B$3:$B$29, "Done") -> 27 | F13: =E13/E11 -> 1
A14: Explain ways to engage and motivate learners | B14: Done
A15: Summarise ways to establish ground rules with learner | B15: Done
A16: Explain why it is important to provide opportunities for learners to develop their English, mathematics, ICT and wider skills | B16: Done
A17: Compare the strengths and limitations of teaching and learning approaches used in own area of specialism and explain how they can meet individual learner needs | B17: Done
A18: Explain why it is important to select teaching and learning approaches, resources and assessment methods to meet individual leaner needs | B18: Done
A19: Explain the purpose of types of assessment used in education and training including initial, formative and summative | B19: Done
A20: Describe characteristics of different methods of assessment in education and training. (At least 3 different assessment methods) | B20: Done
A21: Compare the strengths and limitations of different assessment methods and Explain how these can be adapted in relation to meeting individual learner needs | B21: Done
A22: Explain why it is important to involve learners and others in the assessment process | B22: Done
A23: Explain the role and use of peer and self-assessment in the assessment process. | B23: Done
A24: Identify sources of information that should be made available to learners and others involved in the assessment process | B24: Done
A25: Describe the key features of constructive feedback | B25: Done
... A29: Summarise the requirements for keeping records of assessment in an organisation | B29: Done
A30: Microteach
A31: Devise an inclusive teaching and learning plan | B31: Done
A32: Justify own selection of teaching and learning approaches, resources and assessment methods in relation to meeting individual learner needs | B32: Done
A33: Use teaching and learning approaches, resources and assessment methods to meet individual learner needs
A34: Communicate with learners in ways that meet their individual needs
A35: Provide constructive feedback to learners to meet their individual needs
A36: Review the effectiveness of own delivery of inclusive teaching and learning
A37: Identify areas for improvement in own delivery of inclusive
A38: General tasks
A39: Check if links contains traces of ChatGPT | B39: Done
A40: Import files in Padlet | B40: Done
A41: Practice microteach

Sheet Student Feedback
A1: Year | B1: Week number | C1: Start date | D1: Teaching week | E1: Week/module number | F1: Group type | G1: Feedback process | H1: Student feedback | I1: Weekly hours | J1: Number of students | K1: Number of workbooks | L1: Time per student (min) | N1: Average time by learner by week
A2: 2025 | B2: {=_xlfn.LET( _xlpm.may_data, May!$A$2:INDEX(May!A:A, COUNTA(May!A:A)), _xlpm.june_data, June!$A$2:INDEX(June!A:A, COUNTA(June!A:A)), _xlpm.july_data, July!$A$2:INDEX(July!A:A, COUNTA(July!A:A)), _xlpm.august_data, August!$A$2:INDEX(August!A:A, COUNTA(August!A:A)), _xlpm.september_data, September!$A$2:INDEX(September!A:A, COUNTA(September!A:A)), _xlpm.october_data, October!$A$2:INDEX(October!A:A, COUNTA(October!A:A)), _xlpm.november_data, November!$A$2:INDEX(November!A:A, COUNTA(November!A:A)), _xlpm.december_data, December!$A$2:INDEX(December!A:A, COUNTA(December!A:A)), _xlpm.all_data, _xlfn.VSTACK(_xlpm.may_data, _xlpm.june_data, _xlpm.july_data, _xlpm.august_data, _xlpm.september_data, _xlpm.october_data, _xlpm.november_data, _xlpm.december_data), _xlpm.all_week_numbers, _xlfn.MAP(_xlpm.all_data, _xlfn.LAMBDA(_xlpm.a, WEEKNUM(_xlpm.a, 2))), _xlfn.UNIQUE(_xlpm.all_week_numbers))} -> 21 | C2: =DATE(A2,1,1) - WEEKDAY(DATE(A2,1,1),2) + 1 + 7*(B2-1) -> 45796 | D2: 0 | E2: 0 | F2: None | G2: {=_xlfn.LET( _xlpm.may_data, May!$A$2:INDEX(May!C:C, COUNTA(May!A:A)), _xlpm.june_data, June!$A$2:INDEX(June!C:C, COUNTA(June!A:A)), _xlpm.july_data, July!$A$2:INDEX(July!C:C, COUNTA(July!A:A)), _xlpm.august_data, August!$A$2:INDEX(August!C:C, COUNTA(August!A:A)), _xlpm.september_data, September!$A$2:INDEX(September!C:C, COUNTA(September!A:A)), _xlpm.october_data, October!$A$2:INDEX(October!C:C, COUNTA(October!A:A)), _xlpm.november_data, November!$A$2:INDEX(November!C:C, COUNTA(November!A:A)), _xlpm.december_data, December!$A$2:INDEX(December!C:C, COUNTA(December!A:A)), _xlpm.all_data, _xlfn.VSTACK(_xlpm.may_data, _xlpm.june_data, _xlpm.july_data, _xlpm.august_data, _xlpm.september_data, _xlpm.october_data, _xlpm.november_data, _xlpm.december_data), _xlpm.target_week, B2, SUM( _xlfn.BYROW( _xlpm.all_data, _xlfn.LAMBDA(_xlpm.row, IF( COUNTA(_xlpm.row) >= 3, IF( AND( WEEKNUM(INDEX(_xlpm.row,1),2) = _xlpm.target_week, ISNUMBER(SEARCH("feedback process", INDEX(_xlpm.row,2)&"")) ), INDEX(_xlpm.row,3), 0 ), 0 ) ) ) ) )} -> 0 | H2: {=_xlfn.LET( _xlpm.may_data, May!$A$2:INDEX(May!C:C, COUNTA(May!A:A)), _xlpm.june_data, June!$A$2:INDEX(June!C:C, COUNTA(June!A:A)), _xlpm.july_data, July!$A$2:INDEX(July!C:C, COUNTA(July!A:A)), _xlpm.august_data, August!$A$2:INDEX(August!C:C, COUNTA(August!A:A)), _xlpm.september_data, September!$A$2:INDEX(September!C:C, COUNTA(September!A:A)), _xlpm.october_data, October!$A$2:INDEX(October!C:C, COUNTA(October!A:A)), _xlpm.november_data, November!$A$2:INDEX(November!C:C, COUNTA(November!A:A)), _xlpm.december_data, December!$A$2:INDEX(December!C:C, COUNTA(December!A:A)), _xlpm.all_data, _xlfn.VSTACK(_xlpm.may_data, _xlpm.june_data, _xlpm.july_data, _xlpm.august_data, _xlpm.september_data, _xlpm.october_data, _xlpm.november_data, _xlpm.december_data), _xlpm.target_week, B2, SUM( _xlfn.BYROW( _xlpm.all_data, _xlfn.LAMBDA(_xlpm.row, IF( COUNTA(_xlpm.row) >= 3, IF( AND( WEEKNUM(INDEX(_xlpm.row,1),2) = _xlpm.target_week, ISNUMBER(SEARCH("student feedback", INDEX(_xlpm.row,2)&"")) ), INDEX(_xlpm.row,3), 0 ), 0 ) ) ) ) )} -> 0 | I2: {=_xlfn.LET( _xlpm.may_data, May!$A$2:INDEX(May!C:C, COUNTA(May!A:A)), _xlpm.june_data, June!$A$2:INDEX(June!C:C, COUNTA(June!A:A)), _xlpm.july_data, July!$A$2:INDEX(July!C:C, COUNTA(July!A:A)), _xlpm.august_data, August!$A$2:INDEX(August!C:C, COUNTA(August!A:A)), _xlpm.september_data, September!$A$2:INDEX(September!C:C, COUNTA(September!A:A)), _xlpm.october_data, October!$A$2:INDEX(October!C:C, COUNTA(October!A:A)), _xlpm.november_data, November!$A$2:INDEX(November!C:C, COUNTA(November!A:A)), _xlpm.december_data, December!$A$2:INDEX(December!C:C, COUNTA(December!A:A)), _xlpm.all_data, _xlfn.VSTACK(_xlpm.may_data, _xlpm.june_data, _xlpm.july_data, _xlpm.august_data, _xlpm.september_data, _xlpm.october_data, _xlpm.november_data, _xlpm.december_data), _xlpm.target_week, B2, SUM( _xlfn.BYROW( _xlpm.all_data, _xlfn.LAMBDA(_xlpm.row, IF( COUNTA(_xlpm.row) >= 3, IF( AND( WEEKNUM(INDEX(_xlpm.row,1),2) = _xlpm.target_week, ISNUMBER(SEARCH("feedback", INDEX(_xlpm.row,2)&"")) ), INDEX(_xlpm.row,3), 0 ), 0 ) ) ) ) )} -> 0 | J2: 0 | K2: 0 | L2: =IFERROR(H2/J2 * 60, 0) -> 0 | N2: =AVERAGEIF(L2:L33, ">0") -> 25.514373
A3: 2025 | B3: 22 | C3: =DATE(A3,1,1) - WEEKDAY(DATE(A3,1,1),2) + 1 + 7*(B3-1) -> 45803 | D3: 0 | E3: 0 | F3: None | G3: {=_xlfn.LET( _xlpm.may_data, May!$A$2:INDEX(May!C:C, COUNTA(May!A:A)), _xlpm.june_data, June!$A$2:INDEX(June!C:C, COUNTA(June!A:A)), _xlpm.july_data, July!$A$2:INDEX(July!C:C, COUNTA(July!A:A)), _xlpm.august_data, August!$A$2:INDEX(August!C:C, COUNTA(August!A:A)), _xlpm.september_data, September!$A$2:INDEX(September!C:C, COUNTA(September!A:A)), _xlpm.october_data, October!$A$2:INDEX(October!C:C, COUNTA(October!A:A)), _xlpm.november_data, November!$A$2:INDEX(November!C:C, COUNTA(November!A:A)), _xlpm.december_data, December!$A$2:INDEX(December!C:C, COUNTA(December!A:A)), _xlpm.all_data, _xlfn.VSTACK(_xlpm.may_data, _xlpm.june_data, _xlpm.july_data, _xlpm.august_data, _xlpm.september_data, _xlpm.october_data, _xlpm.november_data, _xlpm.december_data), _xlpm.target_week, B3, SUM( _xlfn.BYROW( _xlpm.all_data, _xlfn.LAMBDA(_xlpm.row, IF( COUNTA(_xlpm.row) >= 3, IF( AND( WEEKNUM(INDEX(_xlpm.row,1),2) = _xlpm.target_week, ISNUMBER(SEARCH("feedback process", INDEX(_xlpm.row,2)&"")) ), INDEX(_xlpm.row,3), 0 ), 0 ) ) ) ) )} -> 0 | H3: {=_xlfn.LET( _xlpm.may_data, May!$A$2:INDEX(May!C:C, COUNTA(May!A:A)), _xlpm.june_data, June!$A$2:INDEX(June!C:C, COUNTA(June!A:A)), _xlpm.july_data, July!$A$2:INDEX(July!C:C, COUNTA(July!A:A)), _xlpm.august_data, August!$A$2:INDEX(August!C:C, COUNTA(August!A:A)), _xlpm.september_data, September!$A$2:INDEX(September!C:C, COUNTA(September!A:A)), _xlpm.october_data, October!$A$2:INDEX(October!C:C, COUNTA(October!A:A)), _xlpm.november_data, November!$A$2:INDEX(November!C:C, COUNTA(November!A:A)), _xlpm.december_data, December!$A$2:INDEX(December!C:C, COUNTA(December!A:A)), _xlpm.all_data, _xlfn.VSTACK(_xlpm.may_data, _xlpm.june_data, _xlpm.july_data, _xlpm.august_data, _xlpm.september_data, _xlpm.october_data, _xlpm.november_data, _xlpm.december_data), _xlpm.target_week, B3, SUM( _xlfn.BYROW( _xlpm.all_data, _xlfn.LAMBDA(_xlpm.row, IF( COUNTA(_xlpm.row) >= 3, IF( AND( WEEKNUM(INDEX(_xlpm.row,1),2) = _xlpm.target_week, ISNUMBER(SEARCH("student feedback", INDEX(_xlpm.row,2)&"")) ), INDEX(_xlpm.row,3), 0 ), 0 ) ) ) ) )} -> 0 | I3: {=_xlfn.LET( _xlpm.may_data, May!$A$2:INDEX(May!C:C, COUNTA(May!A:A)), _xlpm.june_data, June!$A$2:INDEX(June!C:C, COUNTA(June!A:A)), _xlpm.july_data, July!$A$2:INDEX(July!C:C, COUNTA(July!A:A)), _xlpm.august_data, August!$A$2:INDEX(August!C:C, COUNTA(August!A:A)), _xlpm.september_data, September!$A$2:INDEX(September!C:C, COUNTA(September!A:A)), _xlpm.october_data, October!$A$2:INDEX(October!C:C, COUNTA(October!A:A)), _xlpm.november_data, November!$A$2:INDEX(November!C:C, COUNTA(November!A:A)), _xlpm.december_data, December!$A$2:INDEX(December!C:C, COUNTA(December!A:A)), _xlpm.all_data, _xlfn.VSTACK(_xlpm.may_data, _xlpm.june_data, _xlpm.july_data, _xlpm.august_data, _xlpm.september_data, _xlpm.october_data, _xlpm.november_data, _xlpm.december_data), _xlpm.target_week, B3, SUM( _xlfn.BYROW( _xlpm.all_data, _xlfn.LAMBDA(_xlpm.row, IF( COUNTA(_xlpm.row) >= 3, IF( AND( WEEKNUM(INDEX(_xlpm.row,1),2) = _xlpm.target_week, ISNUMBER(SEARCH("feedback", INDEX(_xlpm.row,2)&"")) ), INDEX(_xlpm.row,3), 0 ), 0 ) ) ) ) )} -> 0 | J3: 0 | K3: 0 | L3: =IFERROR(H3/J3 * 60, 0) -> 0
A4: 2025 | B4: 23 | C4: =DATE(A4,1,1) - WEEKDAY(DATE(A4,1,1),2) + 1 + 7*(B4-1) -> 45810 | D4: 0 | E4: 0 | F4: None | G4: {=_xlfn.LET( _xlpm.may_data, May!$A$2:INDEX(May!C:C, COUNTA(May!A:A)), _xlpm.june_data, June!$A$2:INDEX(June!C:C, COUNTA(June!A:A)), _xlpm.july_data, July!$A$2:INDEX(July!C:C, COUNTA(July!A:A)), _xlpm.august_data, August!$A$2:INDEX(August!C:C, COUNTA(August!A:A)), _xlpm.september_data, September!$A$2:INDEX(September!C:C, COUNTA(September!A:A)), _xlpm.october_data, October!$A$2:INDEX(October!C:C, COUNTA(October!A:A)), _xlpm.november_data, November!$A$2:INDEX(November!C:C, COUNTA(November!A:A)), _xlpm.december_data, December!$A$2:INDEX(December!C:C, COUNTA(December!A:A)), _xlpm.all_data, _xlfn.VSTACK(_xlpm.may_data, _xlpm.june_data, _xlpm.july_data, _xlpm.august_data, _xlpm.september_data, _xlpm.october_data, _xlpm.november_data, _xlpm.december_data), _xlpm.target_week, B4, SUM( _xlfn.BYROW( _xlpm.all_data, _xlfn.LAMBDA(_xlpm.row, IF( COUNTA(_xlpm.row) >= 3, IF( AND( WEEKNUM(INDEX(_xlpm.row,1),2) = _xlpm.target_week, ISNUMBER(SEARCH("feedback process", INDEX(_xlpm.row,2)&"")) ), INDEX(_xlpm.row,3), 0 ), 0 ) ) ) ) )} -> 0 | H4: {=_xlfn.LET( _xlpm.may_data, May!$A$2:INDEX(May!C:C, COUNTA(May!A:A)), _xlpm.june_data, June!$A$2:INDEX(June!C:C, COUNTA(June!A:A)), _xlpm.july_data, July!$A$2:INDEX(July!C:C, COUNTA(July!A:A)), _xlpm.august_data, August!$A$2:INDEX(August!C:C, COUNTA(August!A:A)), _xlpm.september_data, September!$A$2:INDEX(September!C:C, COUNTA(September!A:A)), _xlpm.october_data, October!$A$2:INDEX(October!C:C, COUNTA(October!A:A)), _xlpm.november_data, November!$A$2:INDEX(November!C:C, COUNTA(November!A:A)), _xlpm.december_data, December!$A$2:INDEX(December!C:C, COUNTA(December!A:A)), _xlpm.all_data, _xlfn.VSTACK(_xlpm.may_data, _xlpm.june_data, _xlpm.july_data, _xlpm.august_data, _xlpm.september_data, _xlpm.october_data, _xlpm.november_data, _xlpm.december_data), _xlpm.target_week, B4, SUM( _xlfn.BYROW( _xlpm.all_data, _xlfn.LAMBDA(_xlpm.row, IF( COUNTA(_xlpm.row) >= 3, IF( AND( WEEKNUM(INDEX(_xlpm.row,1),2) = _xlpm.target_week, ISNUMBER(SEARCH("student feedback", INDEX(_xlpm.row,2)&"")) ), INDEX(_xlpm.row,3), 0 ), 0 ) ) ) ) )} -> 0 | I4: {=_xlfn.LET( _xlpm.may_data, May!$A$2:INDEX(May!C:C, COUNTA(May!A:A)), _xlpm.june_data, June!$A$2:INDEX(June!C:C, COUNTA(June!A:A)), _xlpm.july_data, July!$A$2:INDEX(July!C:C, COUNTA(July!A:A)), _xlpm.august_data, August!$A$2:INDEX(August!C:C, COUNTA(August!A:A)), _xlpm.september_data, September!$A$2:INDEX(September!C:C, COUNTA(September!A:A)), _xlpm.october_data, October!$A$2:INDEX(October!C:C, COUNTA(October!A:A)), _xlpm.november_data, November!$A$2:INDEX(November!C:C, COUNTA(November!A:A)), _xlpm.december_data, December!$A$2:INDEX(December!C:C, COUNTA(December!A:A)), _xlpm.all_data, _xlfn.VSTACK(_xlpm.may_data, _xlpm.june_data, _xlpm.july_data, _xlpm.august_data, _xlpm.september_data, _xlpm.october_data, _xlpm.november_data, _xlpm.december_data), _xlpm.target_week, B4, SUM( _xlfn.BYROW( _xlpm.all_data, _xlfn.LAMBDA(_xlpm.row, IF( COUNTA(_xlpm.row) >= 3, IF( AND( WEEKNUM(INDEX(_xlpm.row,1),2) = _xlpm.target_week, ISNUMBER(SEARCH("feedback", INDEX(_xlpm.row,2)&"")) ), INDEX(_xlpm.row,3), 0 ), 0 ) ) ) ) )} -> 0 | J4: 0 | K4: 0 | L4: =IFERROR(H4/J4 * 60, 0) -> 0
A5: 2025 | B5: 24 | C5: =DATE(A5,1,1) - WEEKDAY(DATE(A5,1,1),2) + 1 + 7*(B5-1) -> 45817 | D5: 1 | E5: 1 | F5: Bootcamp | G5: {=_xlfn.LET( _xlpm.may_data, May!$A$2:INDEX(May!C:C, COUNTA(May!A:A)), _xlpm.june_data, June!$A$2:INDEX(June!C:C, COUNTA(June!A:A)), _xlpm.july_data, July!$A$2:INDEX(July!C:C, COUNTA(July!A:A)), _xlpm.august_data, August!$A$2:INDEX(August!C:C, COUNTA(August!A:A)), _xlpm.september_data, September!$A$2:INDEX(September!C:C, COUNTA(September!A:A)), _xlpm.october_data, October!$A$2:INDEX(October!C:C, COUNTA(October!A:A)), _xlpm.november_data, November!$A$2:INDEX(November!C:C, COUNTA(November!A:A)), _xlpm.december_data, December!$A$2:INDEX(December!C:C, COUNTA(December!A:A)), _xlpm.all_data, _xlfn.VSTACK(_xlpm.may_data, _xlpm.june_data, _xlpm.july_data, _xlpm.august_data, _xlpm.september_data, _xlpm.october_data, _xlpm.november_data, _xlpm.december_data), _xlpm.target_week, B5, SUM( _xlfn.BYROW( _xlpm.all_data, _xlfn.LAMBDA(_xlpm.row, IF( COUNTA(_xlpm.row) >= 3, IF( AND( WEEKNUM(INDEX(_xlpm.row,1),2) = _xlpm.target_week, ISNUMBER(SEARCH("feedback process", INDEX(_xlpm.row,2)&"")) ), INDEX(_xlpm.row,3), 0 ), 0 ) ) ) ) )} -> 1.25 | H5: {=_xlfn.LET( _xlpm.may_data, May!$A$2:INDEX(May!C:C, COUNTA(May!A:A)), _xlpm.june_data, June!$A$2:INDEX(June!C:C, COUNTA(June!A:A)), _xlpm.july_data, July!$A$2:INDEX(July!C:C, COUNTA(July!A:A)), _xlpm.august_data, August!$A$2:INDEX(August!C:C, COUNTA(August!A:A)), _xlpm.september_data, September!$A$2:INDEX(September!C:C, COUNTA(September!A:A)), _xlpm.october_data, October!$A$2:INDEX(October!C:C, COUNTA(October!A:A)), _xlpm.november_data, November!$A$2:INDEX(November!C:C, COUNTA(November!A:A)), _xlpm.december_data, December!$A$2:INDEX(December!C:C, COUNTA(December!A:A)), _xlpm.all_data, _xlfn.VSTACK(_xlpm.may_data, _xlpm.june_data, _xlpm.july_data, _xlpm.august_data, _xlpm.september_data, _xlpm.october_data, _xlpm.november_data, _xlpm.december_data), _xlpm.target_week, B5, SUM( _xlfn.BYROW( _xlpm.all_data, _xlfn.LAMBDA(_xlpm.row, IF( COUNTA(_xlpm.row) >= 3, IF( AND( WEEKNUM(INDEX(_xlpm.row,1),2) = _xlpm.target_week, ISNUMBER(SEARCH("student feedback", INDEX(_xlpm.row,2)&"")) ), INDEX(_xlpm.row,3), 0 ), 0 ) ) ) ) )} -> 5 | I5: {=_xlfn.LET( _xlpm.may_data, May!$A$2:INDEX(May!C:C, COUNTA(May!A:A)), _xlpm.june_data, June!$A$2:INDEX(June!C:C, COUNTA(June!A:A)), _xlpm.july_data, July!$A$2:INDEX(July!C:C, COUNTA(July!A:A)), _xlpm.august_data, August!$A$2:INDEX(August!C:C, COUNTA(August!A:A)), _xlpm.september_data, September!$A$2:INDEX(September!C:C, COUNTA(September!A:A)), _xlpm.october_data, October!$A$2:INDEX(October!C:C, COUNTA(October!A:A)), _xlpm.november_data, November!$A$2:INDEX(November!C:C, COUNTA(November!A:A)), _xlpm.december_data, December!$A$2:INDEX(December!C:C, COUNTA(December!A:A)), _xlpm.all_data, _xlfn.VSTACK(_xlpm.may_data, _xlpm.june_data, _xlpm.july_data, _xlpm.august_data, _xlpm.september_data, _xlpm.october_data, _xlpm.november_data, _xlpm.december_data), _xlpm.target_week, B5, SUM( _xlfn.BYROW( _xlpm.all_data, _xlfn.LAMBDA(_xlpm.row, IF( COUNTA(_xlpm.row) >= 3, IF( AND( WEEKNUM(INDEX(_xlpm.row,1),2) = _xlpm.target_week, ISNUMBER(SEARCH("feedback", INDEX(_xlpm.row,2)&"")) ), INDEX(_xlpm.row,3), 0 ), 0 ) ) ) ) )} -> 6.25 | J5: 9 | K5: 0 | L5: =IFERROR(H5/J5 * 60, 0) -> 33.333333
A6: 2025 | B6: 25 | C6: =DATE(A6,1,1) - WEEKDAY(DATE(A6,1,1),2) + 1 + 7*(B6-1) -> 45824 | D6: 1 | E6: 2 | F6: Bootcamp | G6: {=_xlfn.LET( _xlpm.may_data, May!$A$2:INDEX(May!C:C, COUNTA(May!A:A)), _xlpm.june_data, June!$A$2:INDEX(June!C:C, COUNTA(June!A:A)), _xlpm.july_data, July!$A$2:INDEX(July!C:C, COUNTA(July!A:A)), _xlpm.august_data, August!$A$2:INDEX(August!C:C, COUNTA(August!A:A)), _xlpm.september_data, September!$A$2:INDEX(September!C:C, COUNTA(September!A:A)), _xlpm.october_data, October!$A$2:INDEX(October!C:C, COUNTA(October!A:A)), _xlpm.november_data, November!$A$2:INDEX(November!C:C, COUNTA(November!A:A)), _xlpm.december_data, December!$A$2:INDEX(December!C:C, COUNTA(December!A:A)), _xlpm.all_data, _xlfn.VSTACK(_xlpm.may_data, _xlpm.june_data, _xlpm.july_data, _xlpm.august_data, _xlpm.september_data, _xlpm.october_data, _xlpm.november_data, _xlpm.december_data), _xlpm.target_week, B6, SUM( _xlfn.BYROW( _xlpm.all_data, _xlfn.LAMBDA(_xlpm.row, IF( COUNTA(_xlpm.row) >= 3, IF( AND( WEEKNUM(INDEX(_xlpm.row,1),2) = _xlpm.target_week, ISNUMBER(SEARCH("feedback process", INDEX(_xlpm.row,2)&"")) ), INDEX(_xlpm.row,3), 0 ), 0 ) ) ) ) )} -> 5.75 | H6: {=_xlfn.LET( _xlpm.may_data, May!$A$2:INDEX(May!C:C, COUNTA(May!A:A)), _xlpm.june_data, June!$A$2:INDEX(June!C:C, COUNTA(June!A:A)), _xlpm.july_data, July!$A$2:INDEX(July!C:C, COUNTA(July!A:A)), _xlpm.august_data, August!$A$2:INDEX(August!C:C, COUNTA(August!A:A)), _xlpm.september_data, September!$A$2:INDEX(September!C:C, COUNTA(September!A:A)), _xlpm.october_data, October!$A$2:INDEX(October!C:C, COUNTA(October!A:A)), _xlpm.november_data, November!$A$2:INDEX(November!C:C, COUNTA(November!A:A)), _xlpm.december_data, December!$A$2:INDEX(December!C:C, COUNTA(December!A:A)), _xlpm.all_data, _xlfn.VSTACK(_xlpm.may_data, _xlpm.june_data, _xlpm.july_data, _xlpm.august_data, _xlpm.september_data, _xlpm.october_data, _xlpm.november_data, _xlpm.december_data), _xlpm.target_week, B6, SUM( _xlfn.BYROW( _xlpm.all_data, _xlfn.LAMBDA(_xlpm.row, IF( COUNTA(_xlpm.row) >= 3, IF( AND( WEEKNUM(INDEX(_xlpm.row,1),2) = _xlpm.target_week, ISNUMBER(SEARCH("student feedback", INDEX(_xlpm.row,2)&"")) ), INDEX(_xlpm.row,3), 0 ), 0 ) ) ) ) )} -> 4 | I6: {=_xlfn.LET( _xlpm.may_data, May!$A$2:INDEX(May!C:C, COUNTA(May!A:A)), _xlpm.june_data, June!$A$2:INDEX(June!C:C, COUNTA(June!A:A)), _xlpm.july_data, July!$A$2:INDEX(July!C:C, COUNTA(July!A:A)), _xlpm.august_data, August!$A$2:INDEX(August!C:C, COUNTA(August!A:A)), _xlpm.september_data, September!$A$2:INDEX(September!C:C, COUNTA(September!A:A)), _xlpm.october_data, October!$A$2:INDEX(October!C:C, COUNTA(October!A:A)), _xlpm.november_data, November!$A$2:INDEX(November!C:C, COUNTA(November!A:A)), _xlpm.december_data, December!$A$2:INDEX(December!C:C, COUNTA(December!A:A)), _xlpm.all_data, _xlfn.VSTACK(_xlpm.may_data, _xlpm.june_data, _xlpm.july_data, _xlpm.august_data, _xlpm.september_data, _xlpm.october_data, _xlpm.november_data, _xlpm.december_data), _xlpm.target_week, B6, SUM( _xlfn.BYROW( _xlpm.all_data, _xlfn.LAMBDA(_xlpm.row, IF( COUNTA(_xlpm.row) >= 3, IF( AND( WEEKNUM(INDEX(_xlpm.row,1),2) = _xlpm.target_week, ISNUMBER(SEARCH("feedback", INDEX(_xlpm.row,2)&"")) ), INDEX(_xlpm.row,3), 0 ), 0 ) ) ) ) )} -> 10.25 | J6: 7 | K6: 0 | L6: =IFERROR(H6/J6 * 60, 0) -> 34.285714
A7: 2025 | B7: 26 | C7: =DATE(A7,1,1) - WEEKDAY(DATE(A7,1,1),2) + 1 + 7*(B7-1) -> 45831 | D7: 1 | E7: 3 | F7: Bootcamp | G7: {=_xlfn.LET( _xlpm.may_data, May!$A$2:INDEX(May!C:C, COUNTA(May!A:A)), _xlpm.june_data, June!$A$2:INDEX(June!C:C, COUNTA(June!A:A)), _xlpm.july_data, July!$A$2:INDEX(July!C:C, COUNTA(July!A:A)), _xlpm.august_data, August!$A$2:INDEX(August!C:C, COUNTA(August!A:A)), _xlpm.september_data, September!$A$2:INDEX(September!C:C, COUNTA(September!A:A)), _xlpm.october_data, October!$A$2:INDEX(October!C:C, COUNTA(October!A:A)), _xlpm.november_data, November!$A$2:INDEX(November!C:C, COUNTA(November!A:A)), _xlpm.december_data, December!$A$2:INDEX(December!C:C, COUNTA(December!A:A)), _xlpm.all_data, _xlfn.VSTACK(_xlpm.may_data, _xlpm.june_data, _xlpm.july_data, _xlpm.august_data, _xlpm.september_data, _xlpm.october_data, _xlpm.november_data, _xlpm.december_data), _xlpm.target_week, B7, SUM( _xlfn.BYROW( _xlpm.all_data, _xlfn.LAMBDA(_xlpm.row, IF( COUNTA(_xlpm.row) >= 3, IF( AND( WEEKNUM(INDEX(_xlpm.row,1),2) = _xlpm.target_week, ISNUMBER(SEARCH("feedback process", INDEX(_xlpm.row,2)&"")) ), INDEX(_xlpm.row,3), 0 ), 0 ) ) ) ) )} -> 0 | H7: {=_xlfn.LET( _xlpm.may_data, May!$A$2:INDEX(May!C:C, COUNTA(May!A:A)), _xlpm.june_data, June!$A$2:INDEX(June!C:C, COUNTA(June!A:A)), _xlpm.july_data, July!$A$2:INDEX(July!C:C, COUNTA(July!A:A)), _xlpm.august_data, August!$A$2:INDEX(August!C:C, COUNTA(August!A:A)), _xlpm.september_data, September!$A$2:INDEX(September!C:C, COUNTA(September!A:A)), _xlpm.october_data, October!$A$2:INDEX(October!C:C, COUNTA(October!A:A)), _xlpm.november_data, November!$A$2:INDEX(November!C:C, COUNTA(November!A:A)), _xlpm.december_data, December!$A$2:INDEX(December!C:C, COUNTA(December!A:A)), _xlpm.all_data, _xlfn.VSTACK(_xlpm.may_data, _xlpm.june_data, _xlpm.july_data, _xlpm.august_data, _xlpm.september_data, _xlpm.october_data, _xlpm.november_data, _xlpm.december_data), _xlpm.target_week, B7, SUM( _xlfn.BYROW( _xlpm.all_data, _xlfn.LAMBDA(_xlpm.row, IF( COUNTA(_xlpm.row) >= 3, IF( AND( WEEKNUM(INDEX(_xlpm.row,1),2) = _xlpm.target_week, ISNUMBER(SEARCH("student feedback", INDEX(_xlpm.row,2)&"")) ), INDEX(_xlpm.row,3), 0 ), 0 ) ) ) ) )} -> 11 | I7: {=_xlfn.LET( _xlpm.may_data, May!$A$2:INDEX(May!C:C, COUNTA(May!A:A)), _xlpm.june_data, June!$A$2:INDEX(June!C:C, COUNTA(June!A:A)), _xlpm.july_data, July!$A$2:INDEX(July!C:C, COUNTA(July!A:A)), _xlpm.august_data, August!$A$2:INDEX(August!C:C, COUNTA(August!A:A)), _xlpm.september_data, September!$A$2:INDEX(September!C:C, COUNTA(September!A:A)), _xlpm.october_data, October!$A$2:INDEX(October!C:C, COUNTA(October!A:A)), _xlpm.november_data, November!$A$2:INDEX(November!C:C, COUNTA(November!A:A)), _xlpm.december_data, December!$A$2:INDEX(December!C:C, COUNTA(December!A:A)), _xlpm.all_data, _xlfn.VSTACK(_xlpm.may_data, _xlpm.june_data, _xlpm.july_data, _xlpm.august_data, _xlpm.september_data, _xlpm.october_data, _xlpm.november_data, _xlpm.december_data), _xlpm.target_week, B7, SUM( _xlfn.BYROW( _xlpm.all_data, _xlfn.LAMBDA(_xlpm.row, IF( COUNTA(_xlpm.row) >= 3, IF( AND( WEEKNUM(INDEX(_xlpm.row,1),2) = _xlpm.target_week, ISNUMBER(SEARCH("feedback", INDEX(_xlpm.row,2)&"")) ), INDEX(_xlpm.row,3), 0 ), 0 ) ) ) ) )} -> 11.5 | J7: 7 | K7: 0 | L7: =IFERROR(H7/J7 * 60, 0) -> 94.285714
A8: 2025 | B8: 27 | C8: =DATE(A8,1,1) - WEEKDAY(DATE(A8,1,1),2) + 1 + 7*(B8-1) -> 45838 | D8: 0 | E8: 0 | F8: None | G8: {=_xlfn.LET( _xlpm.may_data, May!$A$2:INDEX(May!C:C, COUNTA(May!A:A)), _xlpm.june_data, June!$A$2:INDEX(June!C:C, COUNTA(June!A:A)), _xlpm.july_data, July!$A$2:INDEX(July!C:C, COUNTA(July!A:A)), _xlpm.august_data, August!$A$2:INDEX(August!C:C, COUNTA(August!A:A)), _xlpm.september_data, September!$A$2:INDEX(September!C:C, COUNTA(September!A:A)), _xlpm.october_data, October!$A$2:INDEX(October!C:C, COUNTA(October!A:A)), _xlpm.november_data, November!$A$2:INDEX(November!C:C, COUNTA(November!A:A)), _xlpm.december_data, December!$A$2:INDEX(December!C:C, COUNTA(December!A:A)), _xlpm.all_data, _xlfn.VSTACK(_xlpm.may_data, _xlpm.june_data, _xlpm.july_data, _xlpm.august_data, _xlpm.september_data, _xlpm.october_data, _xlpm.november_data, _xlpm.december_data), _xlpm.target_week, B8, SUM( _xlfn.BYROW( _xlpm.all_data, _xlfn.LAMBDA(_xlpm.row, IF( COUNTA(_xlpm.row) >= 3, IF( AND( WEEKNUM(INDEX(_xlpm.row,1),2) = _xlpm.target_week, ISNUMBER(SEARCH("feedback process", INDEX(_xlpm.row,2)&"")) ), INDEX(_xlpm.row,3), 0 ), 0 ) ) ) ) )} -> 1.25 | H8: {=_xlfn.LET( _xlpm.may_data, May!$A$2:INDEX(May!C:C, COUNTA(May!A:A)), _xlpm.june_data, June!$A$2:INDEX(June!C:C, COUNTA(June!A:A)), _xlpm.july_data, July!$A$2:INDEX(July!C:C, COUNTA(July!A:A)), _xlpm.august_data, August!$A$2:INDEX(August!C:C, COUNTA(August!A:A)), _xlpm.september_data, September!$A$2:INDEX(September!C:C, COUNTA(September!A:A)), _xlpm.october_data, October!$A$2:INDEX(October!C:C, COUNTA(October!A:A)), _xlpm.november_data, November!$A$2:INDEX(November!C:C, COUNTA(November!A:A)), _xlpm.december_data, December!$A$2:INDEX(December!C:C, COUNTA(December!A:A)), _xlpm.all_data, _xlfn.VSTACK(_xlpm.may_data, _xlpm.june_data, _xlpm.july_data, _xlpm.august_data, _xlpm.september_data, _xlpm.october_data, _xlpm.november_data, _xlpm.december_data), _xlpm.target_week, B8, SUM( _xlfn.BYROW( _xlpm.all_data, _xlfn.LAMBDA(_xlpm.row, IF( COUNTA(_xlpm.row) >= 3, IF( AND( WEEKNUM(INDEX(_xlpm.row,1),2) = _xlpm.target_week, ISNUMBER(SEARCH("student feedback", INDEX(_xlpm.row,2)&"")) ), INDEX(_xlpm.row,3), 0 ), 0 ) ) ) ) )} -> 0 | I8: {=_xlfn.LET( _xlpm.may_data, May!$A$2:INDEX(May!C:C, COUNTA(May!A:A)), _xlpm.june_data, June!$A$2:INDEX(June!C:C, COUNTA(June!A:A)), _xlpm.july_data, July!$A$2:INDEX(July!C:C, COUNTA(July!A:A)), _xlpm.august_data, August!$A$2:INDEX(August!C:C, COUNTA(August!A:A)), _xlpm.september_data, September!$A$2:INDEX(September!C:C, COUNTA(September!A:A)), _xlpm.october_data, October!$A$2:INDEX(October!C:C, COUNTA(October!A:A)), _xlpm.november_data, November!$A$2:INDEX(November!C:C, COUNTA(November!A:A)), _xlpm.december_data, December!$A$2:INDEX(December!C:C, COUNTA(December!A:A)), _xlpm.all_data, _xlfn.VSTACK(_xlpm.may_data, _xlpm.june_data, _xlpm.july_data, _xlpm.august_data, _xlpm.september_data, _xlpm.october_data, _xlpm.november_data, _xlpm.december_data), _xlpm.target_week, B8, SUM( _xlfn.BYROW( _xlpm.all_data, _xlfn.LAMBDA(_xlpm.row, IF( COUNTA(_xlpm.row) >= 3, IF( AND( WEEKNUM(INDEX(_xlpm.row,1),2) = _xlpm.target_week, ISNUMBER(SEARCH("feedback", INDEX(_xlpm.row,2)&"")) ), INDEX(_xlpm.row,3), 0 ), 0 ) ) ) ) )} -> 1.25 | J8: 7 | K8: 0 | L8: =IFERROR(H8/J8 * 60, 0) -> 0
A9: 2025 | B9: 28 | C9: =DATE(A9,1,1) - WEEKDAY(DATE(A9,1,1),2) + 1 + 7*(B9-1) -> 45845 | D9: 1 | E9: 5 | F9: Bootcamp | G9: {=_xlfn.LET( _xlpm.may_data, May!$A$2:INDEX(May!C:C, COUNTA(May!A:A)), _xlpm.june_data, June!$A$2:INDEX(June!C:C, COUNTA(June!A:A)), _xlpm.july_data, July!$A$2:INDEX(July!C:C, COUNTA(July!A:A)), _xlpm.august_data, August!$A$2:INDEX(August!C:C, COUNTA(August!A:A)), _xlpm.september_data, September!$A$2:INDEX(September!C:C, COUNTA(September!A:A)), _xlpm.october_data, October!$A$2:INDEX(October!C:C, COUNTA(October!A:A)), _xlpm.november_data, November!$A$2:INDEX(November!C:C, COUNTA(November!A:A)), _xlpm.december_data, December!$A$2:INDEX(December!C:C, COUNTA(December!A:A)), _xlpm.all_data, _xlfn.VSTACK(_xlpm.may_data, _xlpm.june_data, _xlpm.july_data, _xlpm.august_data, _xlpm.september_data, _xlpm.october_data, _xlpm.november_data, _xlpm.december_data), _xlpm.target_week, B9, SUM( _xlfn.BYROW( _xlpm.all_data, _xlfn.LAMBDA(_xlpm.row, IF( COUNTA(_xlpm.row) >= 3, IF( AND( WEEKNUM(INDEX(_xlpm.row,1),2) = _xlpm.target_week, ISNUMBER(SEARCH("feedback process", INDEX(_xlpm.row,2)&"")) ), INDEX(_xlpm.row,3), 0 ), 0 ) ) ) ) )} -> 0 | H9: {=_xlfn.LET( _xlpm.may_data, May!$A$2:INDEX(May!C:C, COUNTA(May!A:A)), _xlpm.june_data, June!$A$2:INDEX(June!C:C, COUNTA(June!A:A)), _xlpm.july_data, July!$A$2:INDEX(July!C:C, COUNTA(July!A:A)), _xlpm.august_data, August!$A$2:INDEX(August!C:C, COUNTA(August!A:A)), _xlpm.september_data, September!$A$2:INDEX(September!C:C, COUNTA(September!A:A)), _xlpm.october_data, October!$A$2:INDEX(October!C:C, COUNTA(October!A:A)), _xlpm.november_data, November!$A$2:INDEX(November!C:C, COUNTA(November!A:A)), _xlpm.december_data, December!$A$2:INDEX(December!C:C, COUNTA(December!A:A)), _xlpm.all_data, _xlfn.VSTACK(_xlpm.may_data, _xlpm.june_data, _xlpm.july_data, _xlpm.august_data, _xlpm.september_data, _xlpm.october_data, _xlpm.november_data, _xlpm.december_data), _xlpm.target_week, B9, SUM( _xlfn.BYROW( _xlpm.all_data, _xlfn.LAMBDA(_xlpm.row, IF( COUNTA(_xlpm.row) >= 3, IF( AND( WEEKNUM(INDEX(_xlpm.row,1),2) = _xlpm.target_week, ISNUMBER(SEARCH("student feedback", INDEX(_xlpm.row,2)&"")) ), INDEX(_xlpm.row,3), 0 ), 0 ) ) ) ) )} -> 5.5 | I9: {=_xlfn.LET( _xlpm.may_data, May!$A$2:INDEX(May!C:C, COUNTA(May!A:A)), _xlpm.june_data, June!$A$2:INDEX(June!C:C, COUNTA(June!A:A)), _xlpm.july_data, July!$A$2:INDEX(July!C:C, COUNTA(July!A:A)), _xlpm.august_data, August!$A$2:INDEX(August!C:C, COUNTA(August!A:A)), _xlpm.september_data, September!$A$2:INDEX(September!C:C, COUNTA(September!A:A)), _xlpm.october_data, October!$A$2:INDEX(October!C:C, COUNTA(October!A:A)), _xlpm.november_data, November!$A$2:INDEX(November!C:C, COUNTA(November!A:A)), _xlpm.december_data, December!$A$2:INDEX(December!C:C, COUNTA(December!A:A)), _xlpm.all_data, _xlfn.VSTACK(_xlpm.may_data, _xlpm.june_data, _xlpm.july_data, _xlpm.august_data, _xlpm.september_data, _xlpm.october_data, _xlpm.november_data, _xlpm.december_data), _xlpm.target_week, B9, SUM( _xlfn.BYROW( _xlpm.all_data, _xlfn.LAMBDA(_xlpm.row, IF( COUNTA(_xlpm.row) >= 3, IF( AND( WEEKNUM(INDEX(_xlpm.row,1),2) = _xlpm.target_week, ISNUMBER(SEARCH("feedback", INDEX(_xlpm.row,2)&"")) ), INDEX(_xlpm.row,3), 0 ), 0 ) ) ) ) )} -> 5.5 | J9: 7 | K9: 0 | L9: =IFERROR(H9/J9 * 60, 0) -> 47.142857
A10: 2025 | B10: 29 | C10: =DATE(A10,1,1) - WEEKDAY(DATE(A10,1,1),2) + 1 + 7*(B10-1) -> 45852 | D10: 1 | E10: 6 | F10: Bootcamp | G10: {=_xlfn.LET( _xlpm.may_data, May!$A$2:INDEX(May!C:C, COUNTA(May!A:A)), _xlpm.june_data, June!$A$2:INDEX(June!C:C, COUNTA(June!A:A)), _xlpm.july_data, July!$A$2:INDEX(July!C:C, COUNTA(July!A:A)), _xlpm.august_data, August!$A$2:INDEX(August!C:C, COUNTA(August!A:A)), _xlpm.september_data, September!$A$2:INDEX(September!C:C, COUNTA(September!A:A)), _xlpm.october_data, October!$A$2:INDEX(October!C:C, COUNTA(October!A:A)), _xlpm.november_data, November!$A$2:INDEX(November!C:C, COUNTA(November!A:A)), _xlpm.december_data, December!$A$2:INDEX(December!C:C, COUNTA(December!A:A)), _xlpm.all_data, _xlfn.VSTACK(_xlpm.may_data, _xlpm.june_data, _xlpm.july_data, _xlpm.august_data, _xlpm.september_data, _xlpm.october_data, _xlpm.november_data, _xlpm.december_data), _xlpm.target_week, B10, SUM( _xlfn.BYROW( _xlpm.all_data, _xlfn.LAMBDA(_xlpm.row, IF( COUNTA(_xlpm.row) >= 3, IF( AND( WEEKNUM(INDEX(_xlpm.row,1),2) = _xlpm.target_week, ISNUMBER(SEARCH("feedback process", INDEX(_xlpm.row,2)&"")) ), INDEX(_xlpm.row,3), 0 ), 0 ) ) ) ) )} -> 2.5 | H10: {=_xlfn.LET( _xlpm.may_data, May!$A$2:INDEX(May!C:C, COUNTA(May!A:A)), _xlpm.june_data, June!$A$2:INDEX(June!C:C, COUNTA(June!A:A)), _xlpm.july_data, July!$A$2:INDEX(July!C:C, COUNTA(July!A:A)), _xlpm.august_data, August!$A$2:INDEX(August!C:C, COUNTA(August!A:A)), _xlpm.september_data, September!$A$2:INDEX(September!C:C, COUNTA(September!A:A)), _xlpm.october_data, October!$A$2:INDEX(October!C:C, COUNTA(October!A:A)), _xlpm.november_data, November!$A$2:INDEX(November!C:C, COUNTA(November!A:A)), _xlpm.december_data, December!$A$2:INDEX(December!C:C, COUNTA(December!A:A)), _xlpm.all_data, _xlfn.VSTACK(_xlpm.may_data, _xlpm.june_data, _xlpm.july_data, _xlpm.august_data, _xlpm.september_data, _xlpm.october_data, _xlpm.november_data, _xlpm.december_data), _xlpm.target_week, B10, SUM( _xlfn.BYROW( _xlpm.all_data, _xlfn.LAMBDA(_xlpm.row, IF( COUNTA(_xlpm.row) >= 3, IF( AND( WEEKNUM(INDEX(_xlpm.row,1),2) = _xlpm.target_week, ISNUMBER(SEARCH("student feedback", INDEX(_xlpm.row,2)&"")) ), INDEX(_xlpm.row,3), 0 ), 0 ) ) ) ) )} -> 4.75 | I10: {=_xlfn.LET( _xlpm.may_data, May!$A$2:INDEX(May!C:C, COUNTA(May!A:A)), _xlpm.june_data, June!$A$2:INDEX(June!C:C, COUNTA(June!A:A)), _xlpm.july_data, July!$A$2:INDEX(July!C:C, COUNTA(July!A:A)), _xlpm.august_data, August!$A$2:INDEX(August!C:C, COUNTA(August!A:A)), _xlpm.september_data, September!$A$2:INDEX(September!C:C, COUNTA(September!A:A)), _xlpm.october_data, October!$A$2:INDEX(October!C:C, COUNTA(October!A:A)), _xlpm.november_data, November!$A$2:INDEX(November!C:C, COUNTA(November!A:A)), _xlpm.december_data, December!$A$2:INDEX(December!C:C, COUNTA(December!A:A)), _xlpm.all_data, _xlfn.VSTACK(_xlpm.may_data, _xlpm.june_data, _xlpm.july_data, _xlpm.august_data, _xlpm.september_data, _xlpm.october_data, _xlpm.november_data, _xlpm.december_data), _xlpm.target_week, B10, SUM( _xlfn.BYROW( _xlpm.all_data, _xlfn.LAMBDA(_xlpm.row, IF( COUNTA(_xlpm.row) >= 3, IF( AND( WEEKNUM(INDEX(_xlpm.row,1),2) = _xlpm.target_week, ISNUMBER(SEARCH("feedback", INDEX(_xlpm.row,2)&"")) ), INDEX(_xlpm.row,3), 0 ), 0 ) ) ) ) )} -> 7.25 | J10: 6 | K10: 0 | L10: =IFERROR(H10/J10 * 60, 0) -> 47.5
A11: 2025 | B11: 30 | C11: =DATE(A11,1,1) - WEEKDAY(DATE(A11,1,1),2) + 1 + 7*(B11-1) -> 45859 | D11: 1 | E11: 7 | F11: Bootcamp | G11: {=_xlfn.LET( _xlpm.may_data, May!$A$2:INDEX(May!C:C, COUNTA(May!A:A)), _xlpm.june_data, June!$A$2:INDEX(June!C:C, COUNTA(June!A:A)), _xlpm.july_data, July!$A$2:INDEX(July!C:C, COUNTA(July!A:A)), _xlpm.august_data, August!$A$2:INDEX(August!C:C, COUNTA(August!A:A)), _xlpm.september_data, September!$A$2:INDEX(September!C:C, COUNTA(September!A:A)), _xlpm.october_data, October!$A$2:INDEX(October!C:C, COUNTA(October!A:A)), _xlpm.november_data, November!$A$2:INDEX(November!C:C, COUNTA(November!A:A)), _xlpm.december_data, December!$A$2:INDEX(December!C:C, COUNTA(December!A:A)), _xlpm.all_data, _xlfn.VSTACK(_xlpm.may_data, _xlpm.june_data, _xlpm.july_data, _xlpm.august_data, _xlpm.september_data, _xlpm.october_data, _xlpm.november_data, _xlpm.december_data), _xlpm.target_week, B11, SUM( _xlfn.BYROW( _xlpm.all_data, _xlfn.LAMBDA(_xlpm.row, IF( COUNTA(_xlpm.row) >= 3, IF( AND( WEEKNUM(INDEX(_xlpm.row,1),2) = _xlpm.target_week, ISNUMBER(SEARCH("feedback process", INDEX(_xlpm.row,2)&"")) ), INDEX(_xlpm.row,3), 0 ), 0 ) ) ) ) )} -> 1.25 | H11: {=_xlfn.LET( _xlpm.may_data, May!$A$2:INDEX(May!C:C, COUNTA(May!A:A)), _xlpm.june_data, June!$A$2:INDEX(June!C:C, COUNTA(June!A:A)), _xlpm.july_data, July!$A$2:INDEX(July!C:C, COUNTA(July!A:A)), _xlpm.august_data, August!$A$2:INDEX(August!C:C, COUNTA(August!A:A)), _xlpm.september_data, September!$A$2:INDEX(September!C:C, COUNTA(September!A:A)), _xlpm.october_data, October!$A$2:INDEX(October!C:C, COUNTA(October!A:A)), _xlpm.november_data, November!$A$2:INDEX(November!C:C, COUNTA(November!A:A)), _xlpm.december_data, December!$A$2:INDEX(December!C:C, COUNTA(December!A:A)), _xlpm.all_data, _xlfn.VSTACK(_xlpm.may_data, _xlpm.june_data, _xlpm.july_data, _xlpm.august_data, _xlpm.september_data, _xlpm.october_data, _xlpm.november_data, _xlpm.december_data), _xlpm.target_week, B11, SUM( _xlfn.BYROW( _xlpm.all_data, _xlfn.LAMBDA(_xlpm.row, IF( COUNTA(_xlpm.row) >= 3, IF( AND( WEEKNUM(INDEX(_xlpm.row,1),2) = _xlpm.target_week, ISNUMBER(SEARCH("student feedback", INDEX(_xlpm.row,2)&"")) ), INDEX(_xlpm.row,3), 0 ), 0 ) ) ) ) )} -> 3.75 | I11: {=_xlfn.LET( _xlpm.may_data, May!$A$2:INDEX(May!C:C, COUNTA(May!A:A)), _xlpm.june_data, June!$A$2:INDEX(June!C:C, COUNTA(June!A:A)), _xlpm.july_data, July!$A$2:INDEX(July!C:C, COUNTA(July!A:A)), _xlpm.august_data, August!$A$2:INDEX(August!C:C, COUNTA(August!A:A)), _xlpm.september_data, September!$A$2:INDEX(September!C:C, COUNTA(September!A:A)), _xlpm.october_data, October!$A$2:INDEX(October!C:C, COUNTA(October!A:A)), _xlpm.november_data, November!$A$2:INDEX(November!C:C, COUNTA(November!A:A)), _xlpm.december_data, December!$A$2:INDEX(December!C:C, COUNTA(December!A:A)), _xlpm.all_data, _xlfn.VSTACK(_xlpm.may_data, _xlpm.june_data, _xlpm.july_data, _xlpm.august_data, _xlpm.september_data, _xlpm.october_data, _xlpm.november_data, _xlpm.december_data), _xlpm.target_week, B11, SUM( _xlfn.BYROW( _xlpm.all_data, _xlfn.LAMBDA(_xlpm.row, IF( COUNTA(_xlpm.row) >= 3, IF( AND( WEEKNUM(INDEX(_xlpm.row,1),2) = _xlpm.target_week, ISNUMBER(SEARCH("feedback", INDEX(_xlpm.row,2)&"")) ), INDEX(_xlpm.row,3), 0 ), 0 ) ) ) ) )} -> 5 | J11: 6 | K11: 0 | L11: =IFERROR(H11/J11 * 60, 0) -> 37.5
A12: 2025 | B12: 31 | C12: =DATE(A12,1,1) - WEEKDAY(DATE(A12,1,1),2) + 1 + 7*(B12-1) -> 45866 | D12: 0 | E12: 0 | F12: None | G12: {=_xlfn.LET( _xlpm.may_data, May!$A$2:INDEX(May!C:C, COUNTA(May!A:A)), _xlpm.june_data, June!$A$2:INDEX(June!C:C, COUNTA(June!A:A)), _xlpm.july_data, July!$A$2:INDEX(July!C:C, COUNTA(July!A:A)), _xlpm.august_data, August!$A$2:INDEX(August!C:C, COUNTA(August!A:A)), _xlpm.september_data, September!$A$2:INDEX(September!C:C, COUNTA(September!A:A)), _xlpm.october_data, October!$A$2:INDEX(October!C:C, COUNTA(October!A:A)), _xlpm.november_data, November!$A$2:INDEX(November!C:C, COUNTA(November!A:A)), _xlpm.december_data, December!$A$2:INDEX(December!C:C, COUNTA(December!A:A)), _xlpm.all_data, _xlfn.VSTACK(_xlpm.may_data, _xlpm.june_data, _xlpm.july_data, _xlpm.august_data, _xlpm.september_data, _xlpm.october_data, _xlpm.november_data, _xlpm.december_data), _xlpm.target_week, B12, SUM( _xlfn.BYROW( _xlpm.all_data, _xlfn.LAMBDA(_xlpm.row, IF( COUNTA(_xlpm.row) >= 3, IF( AND( WEEKNUM(INDEX(_xlpm.row,1),2) = _xlpm.target_week, ISNUMBER(SEARCH("feedback process", INDEX(_xlpm.row,2)&"")) ), INDEX(_xlpm.row,3), 0 ), 0 ) ) ) ) )} -> 0.75 | H12: {=_xlfn.LET( _xlpm.may_data, May!$A$2:INDEX(May!C:C, COUNTA(May!A:A)), _xlpm.june_data, June!$A$2:INDEX(June!C:C, COUNTA(June!A:A)), _xlpm.july_data, July!$A$2:INDEX(July!C:C, COUNTA(July!A:A)), _xlpm.august_data, August!$A$2:INDEX(August!C:C, COUNTA(August!A:A)), _xlpm.september_data, September!$A$2:INDEX(September!C:C, COUNTA(September!A:A)), _xlpm.october_data, October!$A$2:INDEX(October!C:C, COUNTA(October!A:A)), _xlpm.november_data, November!$A$2:INDEX(November!C:C, COUNTA(November!A:A)), _xlpm.december_data, December!$A$2:INDEX(December!C:C, COUNTA(December!A:A)), _xlpm.all_data, _xlfn.VSTACK(_xlpm.may_data, _xlpm.june_data, _xlpm.july_data, _xlpm.august_data, _xlpm.september_data, _xlpm.october_data, _xlpm.november_data, _xlpm.december_data), _xlpm.target_week, B12, SUM( _xlfn.BYROW( _xlpm.all_data, _xlfn.LAMBDA(_xlpm.row, IF( COUNTA(_xlpm.row) >= 3, IF( AND( WEEKNUM(INDEX(_xlpm.row,1),2) = _xlpm.target_week, ISNUMBER(SEARCH("student feedback", INDEX(_xlpm.row,2)&"")) ), INDEX(_xlpm.row,3), 0 ), 0 ) ) ) ) )} -> 1 | I12: {=_xlfn.LET( _xlpm.may_data, May!$A$2:INDEX(May!C:C, COUNTA(May!A:A)), _xlpm.june_data, June!$A$2:INDEX(June!C:C, COUNTA(June!A:A)), _xlpm.july_data, July!$A$2:INDEX(July!C:C, COUNTA(July!A:A)), _xlpm.august_data, August!$A$2:INDEX(August!C:C, COUNTA(August!A:A)), _xlpm.september_data, September!$A$2:INDEX(September!C:C, COUNTA(September!A:A)), _xlpm.october_data, October!$A$2:INDEX(October!C:C, COUNTA(October!A:A)), _xlpm.november_data, November!$A$2:INDEX(November!C:C, COUNTA(November!A:A)), _xlpm.december_data, December!$A$2:INDEX(December!C:C, COUNTA(December!A:A)), _xlpm.all_data, _xlfn.VSTACK(_xlpm.may_data, _xlpm.june_data, _xlpm.july_data, _xlpm.august_data, _xlpm.september_data, _xlpm.october_data, _xlpm.november_data, _xlpm.december_data), _xlpm.target_week, B12, SUM( _xlfn.BYROW( _xlpm.all_data, _xlfn.LAMBDA(_xlpm.row, IF( COUNTA(_xlpm.row) >= 3, IF( AND( WEEKNUM(INDEX(_xlpm.row,1),2) = _xlpm.target_week, ISNUMBER(SEARCH("feedback", INDEX(_xlpm.row,2)&"")) ), INDEX(_xlpm.row,3), 0 ), 0 ) ) ) ) )} -> 4 | J12: 0 | K12: 0 | L12: =IFERROR(H12/J12 * 60, 0) -> 0
A13: 2025 | B13: 32 | C13: =DATE(A13,1,1) - WEEKDAY(DATE(A13,1,1),2) + 1 + 7*(B13-1) -> 45873 | D13: 1 | E13: 1 | F13: Bootcamp | G13: {=_xlfn.LET( _xlpm.may_data, May!$A$2:INDEX(May!C:C, COUNTA(May!A:A)), _xlpm.june_data, June!$A$2:INDEX(June!C:C, COUNTA(June!A:A)), _xlpm.july_data, July!$A$2:INDEX(July!C:C, COUNTA(July!A:A)), _xlpm.august_data, August!$A$2:INDEX(August!C:C, COUNTA(August!A:A)), _xlpm.september_data, September!$A$2:INDEX(September!C:C, COUNTA(September!A:A)), _xlpm.october_data, October!$A$2:INDEX(October!C:C, COUNTA(October!A:A)), _xlpm.november_data, November!$A$2:INDEX(November!C:C, COUNTA(November!A:A)), _xlpm.december_data, December!$A$2:INDEX(December!C:C, COUNTA(December!A:A)), _xlpm.all_data, _xlfn.VSTACK(_xlpm.may_data, _xlpm.june_data, _xlpm.july_data, _xlpm.august_data, _xlpm.september_data, _xlpm.october_data, _xlpm.november_data, _xlpm.december_data), _xlpm.target_week, B13, SUM( _xlfn.BYROW( _xlpm.all_data, _xlfn.LAMBDA(_xlpm.row, IF( COUNTA(_xlpm.row) >= 3, IF( AND( WEEKNUM(INDEX(_xlpm.row,1),2) = _xlpm.target_week, ISNUMBER(SEARCH("feedback process", INDEX(_xlpm.row,2)&"")) ), INDEX(_xlpm.row,3), 0 ), 0 ) ) ) ) )} -> 0 | H13: {=_xlfn.LET( _xlpm.may_data, May!$A$2:INDEX(May!C:C, COUNTA(May!A:A)), _xlpm.june_data, June!$A$2:INDEX(June!C:C, COUNTA(June!A:A)), _xlpm.july_data, July!$A$2:INDEX(July!C:C, COUNTA(July!A:A)), _xlpm.august_data, August!$A$2:INDEX(August!C:C, COUNTA(August!A:A)), _xlpm.september_data, September!$A$2:INDEX(September!C:C, COUNTA(September!A:A)), _xlpm.october_data, October!$A$2:INDEX(October!C:C, COUNTA(October!A:A)), _xlpm.november_data, November!$A$2:INDEX(November!C:C, COUNTA(November!A:A)), _xlpm.december_data, December!$A$2:INDEX(December!C:C, COUNTA(December!A:A)), _xlpm.all_data, _xlfn.VSTACK(_xlpm.may_data, _xlpm.june_data, _xlpm.july_data, _xlpm.august_data, _xlpm.september_data, _xlpm.october_data, _xlpm.november_data, _xlpm.december_data), _xlpm.target_week, B13, SUM( _xlfn.BYROW( _xlpm.all_data, _xlfn.LAMBDA(_xlpm.row, IF( COUNTA(_xlpm.row) >= 3, IF( AND( WEEKNUM(INDEX(_xlpm.row,1),2) = _xlpm.target_week, ISNUMBER(SEARCH("student feedback", INDEX(_xlpm.row,2)&"")) ), INDEX(_xlpm.row,3), 0 ), 0 ) ) ) ) )} -> 8.75 | I13: {=_xlfn.LET( _xlpm.may_data, May!$A$2:INDEX(May!C:C, COUNTA(May!A:A)), _xlpm.june_data, June!$A$2:INDEX(June!C:C, COUNTA(June!A:A)), _xlpm.july_data, July!$A$2:INDEX(July!C:C, COUNTA(July!A:A)), _xlpm.august_data, August!$A$2:INDEX(August!C:C, COUNTA(August!A:A)), _xlpm.september_data, September!$A$2:INDEX(September!C:C, COUNTA(September!A:A)), _xlpm.october_data, October!$A$2:INDEX(October!C:C, COUNTA(October!A:A)), _xlpm.november_data, November!$A$2:INDEX(November!C:C, COUNTA(November!A:A)), _xlpm.december_data, December!$A$2:INDEX(December!C:C, COUNTA(December!A:A)), _xlpm.all_data, _xlfn.VSTACK(_xlpm.may_data, _xlpm.june_data, _xlpm.july_data, _xlpm.august_data, _xlpm.september_data, _xlpm.october_data, _xlpm.november_data, _xlpm.december_data), _xlpm.target_week, B13, SUM( _xlfn.BYROW( _xlpm.all_data, _xlfn.LAMBDA(_xlpm.row, IF( COUNTA(_xlpm.row) >= 3, IF( AND( WEEKNUM(INDEX(_xlpm.row,1),2) = _xlpm.target_week, ISNUMBER(SEARCH("feedback", INDEX(_xlpm.row,2)&"")) ), INDEX(_xlpm.row,3), 0 ), 0 ) ) ) ) )} -> 10 | J13: 22 | K13: 17 | L13: =IFERROR(H13/J13 * 60, 0) -> 23.863636
A14: 2025 | B14: 33 | C14: =DATE(A14,1,1) - WEEKDAY(DATE(A14,1,1),2) + 1 + 7*(B14-1) -> 45880 | D14: 1 | E14: 2 | F14: Bootcamp | G14: {=_xlfn.LET( _xlpm.may_data, May!$A$2:INDEX(May!C:C, COUNTA(May!A:A)), _xlpm.june_data, June!$A$2:INDEX(June!C:C, COUNTA(June!A:A)), _xlpm.july_data, July!$A$2:INDEX(July!C:C, COUNTA(July!A:A)), _xlpm.august_data, August!$A$2:INDEX(August!C:C, COUNTA(August!A:A)), _xlpm.september_data, September!$A$2:INDEX(September!C:C, COUNTA(September!A:A)), _xlpm.october_data, October!$A$2:INDEX(October!C:C, COUNTA(October!A:A)), _xlpm.november_data, November!$A$2:INDEX(November!C:C, COUNTA(November!A:A)), _xlpm.december_data, December!$A$2:INDEX(December!C:C, COUNTA(December!A:A)), _xlpm.all_data, _xlfn.VSTACK(_xlpm.may_data, _xlpm.june_data, _xlpm.july_data, _xlpm.august_data, _xlpm.september_data, _xlpm.october_data, _xlpm.november_data, _xlpm.december_data), _xlpm.target_week, B14, SUM( _xlfn.BYROW( _xlpm.all_data, _xlfn.LAMBDA(_xlpm.row, IF( COUNTA(_xlpm.row) >= 3, IF( AND( WEEKNUM(INDEX(_xlpm.row,1),2) = _xlpm.target_week, ISNUMBER(SEARCH("feedback process", INDEX(_xlpm.row,2)&"")) ), INDEX(_xlpm.row,3), 0 ), 0 ) ) ) ) )} -> 0 | H14: {=_xlfn.LET( _xlpm.may_data, May!$A$2:INDEX(May!C:C, COUNTA(May!A:A)), _xlpm.june_data, June!$A$2:INDEX(June!C:C, COUNTA(June!A:A)), _xlpm.july_data, July!$A$2:INDEX(July!C:C, COUNTA(July!A:A)), _xlpm.august_data, August!$A$2:INDEX(August!C:C, COUNTA(August!A:A)), _xlpm.september_data, September!$A$2:INDEX(September!C:C, COUNTA(September!A:A)), _xlpm.october_data, October!$A$2:INDEX(October!C:C, COUNTA(October!A:A)), _xlpm.november_data, November!$A$2:INDEX(November!C:C, COUNTA(November!A:A)), _xlpm.december_data, December!$A$2:INDEX(December!C:C, COUNTA(December!A:A)), _xlpm.all_data, _xlfn.VSTACK(_xlpm.may_data, _xlpm.june_data, _xlpm.july_data, _xlpm.august_data, _xlpm.september_data, _xlpm.october_data, _xlpm.november_data, _xlpm.december_data), _xlpm.target_week, B14, SUM( _xlfn.BYROW( _xlpm.all_data, _xlfn.LAMBDA(_xlpm.row, IF( COUNTA(_xlpm.row) >= 3, IF( AND( WEEKNUM(INDEX(_xlpm.row,1),2) = _xlpm.target_week, ISNUMBER(SEARCH("student feedback", INDEX(_xlpm.row,2)&"")) ), INDEX(_xlpm.row,3), 0 ), 0 ) ) ) ) )} -> 7.25 | I14: {=_xlfn.LET( _xlpm.may_data, May!$A$2:INDEX(May!C:C, COUNTA(May!A:A)), _xlpm.june_data, June!$A$2:INDEX(June!C:C, COUNTA(June!A:A)), _xlpm.july_data, July!$A$2:INDEX(July!C:C, COUNTA(July!A:A)), _xlpm.august_data, August!$A$2:INDEX(August!C:C, COUNTA(August!A:A)), _xlpm.september_data, September!$A$2:INDEX(September!C:C, COUNTA(September!A:A)), _xlpm.october_data, October!$A$2:INDEX(October!C:C, COUNTA(October!A:A)), _xlpm.november_data, November!$A$2:INDEX(November!C:C, COUNTA(November!A:A)), _xlpm.december_data, December!$A$2:INDEX(December!C:C, COUNTA(December!A:A)), _xlpm.all_data, _xlfn.VSTACK(_xlpm.may_data, _xlpm.june_data, _xlpm.july_data, _xlpm.august_data, _xlpm.september_data, _xlpm.october_data, _xlpm.november_data, _xlpm.december_data), _xlpm.target_week, B14, SUM( _xlfn.BYROW( _xlpm.all_data, _xlfn.LAMBDA(_xlpm.row, IF( COUNTA(_xlpm.row) >= 3, IF( AND( WEEKNUM(INDEX(_xlpm.row,1),2) = _xlpm.target_week, ISNUMBER(SEARCH("feedback", INDEX(_xlpm.row,2)&"")) ), INDEX(_xlpm.row,3), 0 ), 0 ) ) ) ) )} -> 8.75 | J14: 20 | K14: 15 | L14: =IFERROR(H14/J14 * 60, 0) -> 21.75
... A30: 2025 | B30: 49 | C30: =DATE(A30,1,1) - WEEKDAY(DATE(A30,1,1),2) + 1 + 7*(B30-1) -> 45992 | D30: 1 | E30: 6 | F30: Bootcamp | G30: {=_xlfn.LET( _xlpm.may_data, May!$A$2:INDEX(May!C:C, COUNTA(May!A:A)), _xlpm.june_data, June!$A$2:INDEX(June!C:C, COUNTA(June!A:A)), _xlpm.july_data, July!$A$2:INDEX(July!C:C, COUNTA(July!A:A)), _xlpm.august_data, August!$A$2:INDEX(August!C:C, COUNTA(August!A:A)), _xlpm.september_data, September!$A$2:INDEX(September!C:C, COUNTA(September!A:A)), _xlpm.october_data, October!$A$2:INDEX(October!C:C, COUNTA(October!A:A)), _xlpm.november_data, November!$A$2:INDEX(November!C:C, COUNTA(November!A:A)), _xlpm.december_data, December!$A$2:INDEX(December!C:C, COUNTA(December!A:A)), _xlpm.all_data, _xlfn.VSTACK(_xlpm.may_data, _xlpm.june_data, _xlpm.july_data, _xlpm.august_data, _xlpm.september_data, _xlpm.october_data, _xlpm.november_data, _xlpm.december_data), _xlpm.target_week, B30, SUM( _xlfn.BYROW( _xlpm.all_data, _xlfn.LAMBDA(_xlpm.row, IF( COUNTA(_xlpm.row) >= 3, IF( AND( WEEKNUM(INDEX(_xlpm.row,1),2) = _xlpm.target_week, ISNUMBER(SEARCH("feedback process", INDEX(_xlpm.row,2)&"")) ), INDEX(_xlpm.row,3), 0 ), 0 ) ) ) ) )} -> 2.5 | H30: {=_xlfn.LET( _xlpm.may_data, May!$A$2:INDEX(May!C:C, COUNTA(May!A:A)), _xlpm.june_data, June!$A$2:INDEX(June!C:C, COUNTA(June!A:A)), _xlpm.july_data, July!$A$2:INDEX(July!C:C, COUNTA(July!A:A)), _xlpm.august_data, August!$A$2:INDEX(August!C:C, COUNTA(August!A:A)), _xlpm.september_data, September!$A$2:INDEX(September!C:C, COUNTA(September!A:A)), _xlpm.october_data, October!$A$2:INDEX(October!C:C, COUNTA(October!A:A)), _xlpm.november_data, November!$A$2:INDEX(November!C:C, COUNTA(November!A:A)), _xlpm.december_data, December!$A$2:INDEX(December!C:C, COUNTA(December!A:A)), _xlpm.all_data, _xlfn.VSTACK(_xlpm.may_data, _xlpm.june_data, _xlpm.july_data, _xlpm.august_data, _xlpm.september_data, _xlpm.october_data, _xlpm.november_data, _xlpm.december_data), _xlpm.target_week, B30, SUM( _xlfn.BYROW( _xlpm.all_data, _xlfn.LAMBDA(_xlpm.row, IF( COUNTA(_xlpm.row) >= 3, IF( AND( WEEKNUM(INDEX(_xlpm.row,1),2) = _xlpm.target_week, ISNUMBER(SEARCH("student feedback", INDEX(_xlpm.row,2)&"")) ), INDEX(_xlpm.row,3), 0 ), 0 ) ) ) ) )} -> 6.5 | I30: {=_xlfn.LET( _xlpm.may_data, May!$A$2:INDEX(May!C:C, COUNTA(May!A:A)), _xlpm.june_data, June!$A$2:INDEX(June!C:C, COUNTA(June!A:A)), _xlpm.july_data, July!$A$2:INDEX(July!C:C, COUNTA(July!A:A)), _xlpm.august_data, August!$A$2:INDEX(August!C:C, COUNTA(August!A:A)), _xlpm.september_data, September!$A$2:INDEX(September!C:C, COUNTA(September!A:A)), _xlpm.october_data, October!$A$2:INDEX(October!C:C, COUNTA(October!A:A)), _xlpm.november_data, November!$A$2:INDEX(November!C:C, COUNTA(November!A:A)), _xlpm.december_data, December!$A$2:INDEX(December!C:C, COUNTA(December!A:A)), _xlpm.all_data, _xlfn.VSTACK(_xlpm.may_data, _xlpm.june_data, _xlpm.july_data, _xlpm.august_data, _xlpm.september_data, _xlpm.october_data, _xlpm.november_data, _xlpm.december_data), _xlpm.target_week, B30, SUM( _xlfn.BYROW( _xlpm.all_data, _xlfn.LAMBDA(_xlpm.row, IF( COUNTA(_xlpm.row) >= 3, IF( AND( WEEKNUM(INDEX(_xlpm.row,1),2) = _xlpm.target_week, ISNUMBER(SEARCH("feedback", INDEX(_xlpm.row,2)&"")) ), INDEX(_xlpm.row,3), 0 ), 0 ) ) ) ) )} -> 9 | J30: 31 | K30: 24 | L30: =IFERROR(H30/J30 * 60, 0) -> 12.580645
A31: 2025 | B31: 50 | D31: 1 | E31: 7 | F31: Bootcamp
A32: 2025 | D32: 0 | E32: 0 | F32: None
A33: 2025 | D33: 0 | E33: 0 | F33: None

Sheet CPD
A1: Continuous Professional Development Log | H1: Total hours per category | K1: Total hours
A2: DATE FROM | B2: DATE TO | C2: ACTIVITY TYPE e.g., Course, curriculum meeting, mentoring, observation, mandatory training etc | D2: SKILLS/KNOWLEDGE GAINED | E2: HOW DOES THE SKILLS/KNOWLEDGE GAINED APPLY TO YOUR ROLE? | F2: TOTAL HOURS | H2: Category | I2: Hours | L2: =SUM(_xlfn._TRO_ALL(I:I)) -> 139.25
A3: {=_xlfn.LET( _xlpm.all_dates_and_tasks, _xlfn.VSTACK(_xlfn._TRO_ALL(May!A:B),_xlfn._TRO_ALL( June!A:B),_xlfn._TRO_ALL( July!A:B),_xlfn._TRO_ALL( August!A:B),_xlfn._TRO_ALL(September!A:B),_xlfn._TRO_ALL( October!A:B),_xlfn._TRO_ALL( November!A:B),_xlfn._TRO_ALL( December!A:B)), _xlpm.filtered, _xlfn.UNIQUE(_xlfn._xlws.FILTER(_xlpm.all_dates_and_tasks, ISNUMBER(SEARCH($C3, _xlfn.CHOOSECOLS(_xlpm.all_dates_and_tasks, 2))), TRUE)), MIN(_xlpm.filtered) )} -> 45812 | B3: {=_xlfn.LET( _xlpm.all_dates_and_tasks, _xlfn.VSTACK(_xlfn._TRO_ALL(May!A:B),_xlfn._TRO_ALL( June!A:B),_xlfn._TRO_ALL( July!A:B),_xlfn._TRO_ALL( August!A:B),_xlfn._TRO_ALL(September!A:B),_xlfn._TRO_ALL( October!A:B),_xlfn._TRO_ALL( November!A:B),_xlfn._TRO_ALL( December!A:B)), _xlpm.filtered, _xlfn.UNIQUE(_xlfn._xlws.FILTER(_xlpm.all_dates_and_tasks, ISNUMBER(SEARCH($C3, _xlfn.CHOOSECOLS(_xlpm.all_dates_and_tasks, 2))), TRUE)), MAX(_xlpm.filtered) )} -> 45812 | C3: {=_xlfn.LET( _xlpm.all_tasks,_xlfn.VSTACK(_xlfn._TRO_ALL(May!B:B),_xlfn._TRO_ALL(June!B:B),_xlfn._TRO_ALL(July!B:B),_xlfn._TRO_ALL(August!B:B),_xlfn._TRO_ALL(September!B:B),_xlfn._TRO_ALL( October!B:B),_xlfn._TRO_ALL( November!B:B),_xlfn._TRO_ALL( December!B:B)), _xlpm.filtered_tasks,_xlfn._xlws.FILTER(_xlpm.all_tasks,ISNUMBER(SEARCH("*CPD*",_xlpm.all_tasks))), _xlfn.UNIQUE(_xlpm.filtered_tasks))} -> Introduction to Tableau Data Camp CPD | D3: Tableau | E3: Get deeper knowledge about the material showed in class | F3: {=_xlfn.LET( _xlpm.all_dates_and_tasks, _xlfn.VSTACK(_xlfn._TRO_ALL(May!A:C),_xlfn._TRO_ALL( June!A:C),_xlfn._TRO_ALL( July!A:C),_xlfn._TRO_ALL( August!A:C),_xlfn._TRO_ALL(September!A:C),_xlfn._TRO_ALL( October!A:C),_xlfn._TRO_ALL( November!A:C)), _xlpm.filtered, _xlfn._xlws.FILTER(_xlpm.all_dates_and_tasks, ISNUMBER(SEARCH($C3, _xlfn.CHOOSECOLS(_xlpm.all_dates_and_tasks, 2)))), SUM(_xlfn.CHOOSECOLS(_xlpm.filtered, 3)) )} -> 4 | H3: {=_xlfn.UNIQUE(_xlfn._xlws.FILTER(_xlfn._TRO_ALL(D:D), (_xlfn._TRO_ALL(D:D)<>D2)))} -> Tableau | I3: =SUMIF(_xlfn._TRO_ALL(D:D), H3,_xlfn._TRO_ALL( F:F)) -> 17.75
A4: {=_xlfn.LET( _xlpm.all_dates_and_tasks, _xlfn.VSTACK(_xlfn._TRO_ALL(May!A:B),_xlfn._TRO_ALL( June!A:B),_xlfn._TRO_ALL( July!A:B),_xlfn._TRO_ALL( August!A:B),_xlfn._TRO_ALL(September!A:B),_xlfn._TRO_ALL( October!A:B),_xlfn._TRO_ALL( November!A:B),_xlfn._TRO_ALL( December!A:B)), _xlpm.filtered, _xlfn.UNIQUE(_xlfn._xlws.FILTER(_xlpm.all_dates_and_tasks, ISNUMBER(SEARCH($C4, _xlfn.CHOOSECOLS(_xlpm.all_dates_and_tasks, 2))), TRUE)), MIN(_xlpm.filtered) )} -> 45813 | B4: {=_xlfn.LET( _xlpm.all_dates_and_tasks, _xlfn.VSTACK(_xlfn._TRO_ALL(May!A:B),_xlfn._TRO_ALL( June!A:B),_xlfn._TRO_ALL( July!A:B),_xlfn._TRO_ALL( August!A:B),_xlfn._TRO_ALL(September!A:B),_xlfn._TRO_ALL( October!A:B),_xlfn._TRO_ALL( November!A:B),_xlfn._TRO_ALL( December!A:B)), _xlpm.filtered, _xlfn.UNIQUE(_xlfn._xlws.FILTER(_xlpm.all_dates_and_tasks, ISNUMBER(SEARCH($C4, _xlfn.CHOOSECOLS(_xlpm.all_dates_and_tasks, 2))), TRUE)), MAX(_xlpm.filtered) )} -> 45813 | C4: Introduction to Power BI Data Camp CPD | D4: Power BI | E4: Get deeper knowledge about the material showed in class | F4: {=_xlfn.LET( _xlpm.all_dates_and_tasks, _xlfn.VSTACK(_xlfn._TRO_ALL(May!A:C),_xlfn._TRO_ALL( June!A:C),_xlfn._TRO_ALL( July!A:C),_xlfn._TRO_ALL( August!A:C),_xlfn._TRO_ALL(September!A:C),_xlfn._TRO_ALL( October!A:C),_xlfn._TRO_ALL( November!A:C)), _xlpm.filtered, _xlfn._xlws.FILTER(_xlpm.all_dates_and_tasks, ISNUMBER(SEARCH($C4, _xlfn.CHOOSECOLS(_xlpm.all_dates_and_tasks, 2)))), SUM(_xlfn.CHOOSECOLS(_xlpm.filtered, 3)) )} -> 3.5 | H4: Power BI | I4: =SUMIF(_xlfn._TRO_ALL(D:D), H4,_xlfn._TRO_ALL( F:F)) -> 22
A5: {=_xlfn.LET( _xlpm.all_dates_and_tasks, _xlfn.VSTACK(_xlfn._TRO_ALL(May!A:B),_xlfn._TRO_ALL( June!A:B),_xlfn._TRO_ALL( July!A:B),_xlfn._TRO_ALL( August!A:B),_xlfn._TRO_ALL(September!A:B),_xlfn._TRO_ALL( October!A:B),_xlfn._TRO_ALL( November!A:B),_xlfn._TRO_ALL( December!A:B)), _xlpm.filtered, _xlfn.UNIQUE(_xlfn._xlws.FILTER(_xlpm.all_dates_and_tasks, ISNUMBER(SEARCH($C5, _xlfn.CHOOSECOLS(_xlpm.all_dates_and_tasks, 2))), TRUE)), MIN(_xlpm.filtered) )} -> 45813 | B5: {=_xlfn.LET( _xlpm.all_dates_and_tasks, _xlfn.VSTACK(_xlfn._TRO_ALL(May!A:B),_xlfn._TRO_ALL( June!A:B),_xlfn._TRO_ALL( July!A:B),_xlfn._TRO_ALL( August!A:B),_xlfn._TRO_ALL(September!A:B),_xlfn._TRO_ALL( October!A:B),_xlfn._TRO_ALL( November!A:B),_xlfn._TRO_ALL( December!A:B)), _xlpm.filtered, _xlfn.UNIQUE(_xlfn._xlws.FILTER(_xlpm.all_dates_and_tasks, ISNUMBER(SEARCH($C5, _xlfn.CHOOSECOLS(_xlpm.all_dates_and_tasks, 2))), TRUE)), MAX(_xlpm.filtered) )} -> 45813 | C5: Introduction to Excel Data Camp CPD | D5: Excel | E5: Get deeper knowledge about the material showed in class | F5: {=_xlfn.LET( _xlpm.all_dates_and_tasks, _xlfn.VSTACK(_xlfn._TRO_ALL(May!A:C),_xlfn._TRO_ALL( June!A:C),_xlfn._TRO_ALL( July!A:C),_xlfn._TRO_ALL( August!A:C),_xlfn._TRO_ALL(September!A:C),_xlfn._TRO_ALL( October!A:C),_xlfn._TRO_ALL( November!A:C)), _xlpm.filtered, _xlfn._xlws.FILTER(_xlpm.all_dates_and_tasks, ISNUMBER(SEARCH($C5, _xlfn.CHOOSECOLS(_xlpm.all_dates_and_tasks, 2)))), SUM(_xlfn.CHOOSECOLS(_xlpm.filtered, 3)) )} -> 2.5 | H5: Excel | I5: =SUMIF(_xlfn._TRO_ALL(D:D), H5,_xlfn._TRO_ALL( F:F)) -> 6.5
A6: {=_xlfn.LET( _xlpm.all_dates_and_tasks, _xlfn.VSTACK(_xlfn._TRO_ALL(May!A:B),_xlfn._TRO_ALL( June!A:B),_xlfn._TRO_ALL( July!A:B),_xlfn._TRO_ALL( August!A:B),_xlfn._TRO_ALL(September!A:B),_xlfn._TRO_ALL( October!A:B),_xlfn._TRO_ALL( November!A:B),_xlfn._TRO_ALL( December!A:B)), _xlpm.filtered, _xlfn.UNIQUE(_xlfn._xlws.FILTER(_xlpm.all_dates_and_tasks, ISNUMBER(SEARCH($C6, _xlfn.CHOOSECOLS(_xlpm.all_dates_and_tasks, 2))), TRUE)), MIN(_xlpm.filtered) )} -> 45814 | B6: {=_xlfn.LET( _xlpm.all_dates_and_tasks, _xlfn.VSTACK(_xlfn._TRO_ALL(May!A:B),_xlfn._TRO_ALL( June!A:B),_xlfn._TRO_ALL( July!A:B),_xlfn._TRO_ALL( August!A:B),_xlfn._TRO_ALL(September!A:B),_xlfn._TRO_ALL( October!A:B),_xlfn._TRO_ALL( November!A:B),_xlfn._TRO_ALL( December!A:B)), _xlpm.filtered, _xlfn.UNIQUE(_xlfn._xlws.FILTER(_xlpm.all_dates_and_tasks, ISNUMBER(SEARCH($C6, _xlfn.CHOOSECOLS(_xlpm.all_dates_and_tasks, 2))), TRUE)), MAX(_xlpm.filtered) )} -> 45814 | C6: Analyzing Data in Tableau (Preparing for Analysis) Data Camp CPD | D6: Tableau | E6: Get deeper knowledge about the material showed in class | F6: {=_xlfn.LET( _xlpm.all_dates_and_tasks, _xlfn.VSTACK(_xlfn._TRO_ALL(May!A:C),_xlfn._TRO_ALL( June!A:C),_xlfn._TRO_ALL( July!A:C),_xlfn._TRO_ALL( August!A:C),_xlfn._TRO_ALL(September!A:C),_xlfn._TRO_ALL( October!A:C),_xlfn._TRO_ALL( November!A:C)), _xlpm.filtered, _xlfn._xlws.FILTER(_xlpm.all_dates_and_tasks, ISNUMBER(SEARCH($C6, _xlfn.CHOOSECOLS(_xlpm.all_dates_and_tasks, 2)))), SUM(_xlfn.CHOOSECOLS(_xlpm.filtered, 3)) )} -> 3.5 | H6: Pandas | I6: =SUMIF(_xlfn._TRO_ALL(D:D), H6,_xlfn._TRO_ALL( F:F)) -> 7.75
A7: {=_xlfn.LET( _xlpm.all_dates_and_tasks, _xlfn.VSTACK(_xlfn._TRO_ALL(May!A:B),_xlfn._TRO_ALL( June!A:B),_xlfn._TRO_ALL( July!A:B),_xlfn._TRO_ALL( August!A:B),_xlfn._TRO_ALL(September!A:B),_xlfn._TRO_ALL( October!A:B),_xlfn._TRO_ALL( November!A:B),_xlfn._TRO_ALL( December!A:B)), _xlpm.filtered, _xlfn.UNIQUE(_xlfn._xlws.FILTER(_xlpm.all_dates_and_tasks, ISNUMBER(SEARCH($C7, _xlfn.CHOOSECOLS(_xlpm.all_dates_and_tasks, 2))), TRUE)), MIN(_xlpm.filtered) )} -> 45842 | B7: {=_xlfn.LET( _xlpm.all_dates_and_tasks, _xlfn.VSTACK(_xlfn._TRO_ALL(May!A:B),_xlfn._TRO_ALL( June!A:B),_xlfn._TRO_ALL( July!A:B),_xlfn._TRO_ALL( August!A:B),_xlfn._TRO_ALL(September!A:B),_xlfn._TRO_ALL( October!A:B),_xlfn._TRO_ALL( November!A:B),_xlfn._TRO_ALL( December!A:B)), _xlpm.filtered, _xlfn.UNIQUE(_xlfn._xlws.FILTER(_xlpm.all_dates_and_tasks, ISNUMBER(SEARCH($C7, _xlfn.CHOOSECOLS(_xlpm.all_dates_and_tasks, 2))), TRUE)), MAX(_xlpm.filtered) )} -> 45863 | C7: Data manipulation with pandas Data Camp CPD | D7: Pandas | E7: Get deeper knowledge about the material showed in class | F7: {=_xlfn.LET( _xlpm.all_dates_and_tasks, _xlfn.VSTACK(_xlfn._TRO_ALL(May!A:C),_xlfn._TRO_ALL( June!A:C),_xlfn._TRO_ALL( July!A:C),_xlfn._TRO_ALL( August!A:C),_xlfn._TRO_ALL(September!A:C),_xlfn._TRO_ALL( October!A:C),_xlfn._TRO_ALL( November!A:C)), _xlpm.filtered, _xlfn._xlws.FILTER(_xlpm.all_dates_and_tasks, ISNUMBER(SEARCH($C7, _xlfn.CHOOSECOLS(_xlpm.all_dates_and_tasks, 2)))), SUM(_xlfn.CHOOSECOLS(_xlpm.filtered, 3)) )} -> 7.75 | H7: Python | I7: =SUMIF(_xlfn._TRO_ALL(D:D), H7,_xlfn._TRO_ALL( F:F)) -> 8
A8: {=_xlfn.LET( _xlpm.all_dates_and_tasks, _xlfn.VSTACK(_xlfn._TRO_ALL(May!A:B),_xlfn._TRO_ALL( June!A:B),_xlfn._TRO_ALL( July!A:B),_xlfn._TRO_ALL( August!A:B),_xlfn._TRO_ALL(September!A:B),_xlfn._TRO_ALL( October!A:B),_xlfn._TRO_ALL( November!A:B),_xlfn._TRO_ALL( December!A:B)), _xlpm.filtered, _xlfn.UNIQUE(_xlfn._xlws.FILTER(_xlpm.all_dates_and_tasks, ISNUMBER(SEARCH($C8, _xlfn.CHOOSECOLS(_xlpm.all_dates_and_tasks, 2))), TRUE)), MIN(_xlpm.filtered) )} -> 45863 | B8: {=_xlfn.LET( _xlpm.all_dates_and_tasks, _xlfn.VSTACK(_xlfn._TRO_ALL(May!A:B),_xlfn._TRO_ALL( June!A:B),_xlfn._TRO_ALL( July!A:B),_xlfn._TRO_ALL( August!A:B),_xlfn._TRO_ALL(September!A:B),_xlfn._TRO_ALL( October!A:B),_xlfn._TRO_ALL( November!A:B),_xlfn._TRO_ALL( December!A:B)), _xlpm.filtered, _xlfn.UNIQUE(_xlfn._xlws.FILTER(_xlpm.all_dates_and_tasks, ISNUMBER(SEARCH($C8, _xlfn.CHOOSECOLS(_xlpm.all_dates_and_tasks, 2))), TRUE)), MAX(_xlpm.filtered) )} -> 45866 | C8: Data preparation in Excel Data Camp CPD | D8: Excel | E8: Get deeper knowledge about the material showed in class | F8: {=_xlfn.LET( _xlpm.all_dates_and_tasks, _xlfn.VSTACK(_xlfn._TRO_ALL(May!A:C),_xlfn._TRO_ALL( June!A:C),_xlfn._TRO_ALL( July!A:C),_xlfn._TRO_ALL( August!A:C),_xlfn._TRO_ALL(September!A:C),_xlfn._TRO_ALL( October!A:C),_xlfn._TRO_ALL( November!A:C)), _xlpm.filtered, _xlfn._xlws.FILTER(_xlpm.all_dates_and_tasks, ISNUMBER(SEARCH($C8, _xlfn.CHOOSECOLS(_xlpm.all_dates_and_tasks, 2)))), SUM(_xlfn.CHOOSECOLS(_xlpm.filtered, 3)) )} -> 4 | H8: Education & Training | I8: =SUMIF(_xlfn._TRO_ALL(D:D), H8,_xlfn._TRO_ALL( F:F)) -> 58.5
A9: {=_xlfn.LET( _xlpm.all_dates_and_tasks, _xlfn.VSTACK(_xlfn._TRO_ALL(May!A:B),_xlfn._TRO_ALL( June!A:B),_xlfn._TRO_ALL( July!A:B),_xlfn._TRO_ALL( August!A:B),_xlfn._TRO_ALL(September!A:B),_xlfn._TRO_ALL( October!A:B),_xlfn._TRO_ALL( November!A:B),_xlfn._TRO_ALL( December!A:B)), _xlpm.filtered, _xlfn.UNIQUE(_xlfn._xlws.FILTER(_xlpm.all_dates_and_tasks, ISNUMBER(SEARCH($C9, _xlfn.CHOOSECOLS(_xlpm.all_dates_and_tasks, 2))), TRUE)), MIN(_xlpm.filtered) )} -> 45866 | B9: {=_xlfn.LET( _xlpm.all_dates_and_tasks, _xlfn.VSTACK(_xlfn._TRO_ALL(May!A:B),_xlfn._TRO_ALL( June!A:B),_xlfn._TRO_ALL( July!A:B),_xlfn._TRO_ALL( August!A:B),_xlfn._TRO_ALL(September!A:B),_xlfn._TRO_ALL( October!A:B),_xlfn._TRO_ALL( November!A:B),_xlfn._TRO_ALL( December!A:B)), _xlpm.filtered, _xlfn.UNIQUE(_xlfn._xlws.FILTER(_xlpm.all_dates_and_tasks, ISNUMBER(SEARCH($C9, _xlfn.CHOOSECOLS(_xlpm.all_dates_and_tasks, 2))), TRUE)), MAX(_xlpm.filtered) )} -> 45867 | C9: Analyzing Data in Tableau Data Camp CPD | D9: Tableau | E9: Get deeper knowledge about the material showed in class | F9: {=_xlfn.LET( _xlpm.all_dates_and_tasks, _xlfn.VSTACK(_xlfn._TRO_ALL(May!A:C),_xlfn._TRO_ALL( June!A:C),_xlfn._TRO_ALL( July!A:C),_xlfn._TRO_ALL( August!A:C),_xlfn._TRO_ALL(September!A:C),_xlfn._TRO_ALL( October!A:C),_xlfn._TRO_ALL( November!A:C)), _xlpm.filtered, _xlfn._xlws.FILTER(_xlpm.all_dates_and_tasks, ISNUMBER(SEARCH($C9, _xlfn.CHOOSECOLS(_xlpm.all_dates_and_tasks, 2)))), SUM(_xlfn.CHOOSECOLS(_xlpm.filtered, 3)) )} -> 6.25 | H9: Artificial Intelligence | I9: =SUMIF(_xlfn._TRO_ALL(D:D), H9,_xlfn._TRO_ALL( F:F)) -> 16.75
A10: {=_xlfn.LET( _xlpm.all_dates_and_tasks, _xlfn.VSTACK(_xlfn._TRO_ALL(May!A:B),_xlfn._TRO_ALL( June!A:B),_xlfn._TRO_ALL( July!A:B),_xlfn._TRO_ALL( August!A:B),_xlfn._TRO_ALL(September!A:B),_xlfn._TRO_ALL( October!A:B),_xlfn._TRO_ALL( November!A:B),_xlfn._TRO_ALL( December!A:B)), _xlpm.filtered, _xlfn.UNIQUE(_xlfn._xlws.FILTER(_xlpm.all_dates_and_tasks, ISNUMBER(SEARCH($C10, _xlfn.CHOOSECOLS(_xlpm.all_dates_and_tasks, 2))), TRUE)), MIN(_xlpm.filtered) )} -> 45868 | B10: {=_xlfn.LET( _xlpm.all_dates_and_tasks, _xlfn.VSTACK(_xlfn._TRO_ALL(May!A:B),_xlfn._TRO_ALL( June!A:B),_xlfn._TRO_ALL( July!A:B),_xlfn._TRO_ALL( August!A:B),_xlfn._TRO_ALL(September!A:B),_xlfn._TRO_ALL( October!A:B),_xlfn._TRO_ALL( November!A:B),_xlfn._TRO_ALL( December!A:B)), _xlpm.filtered, _xlfn.UNIQUE(_xlfn._xlws.FILTER(_xlpm.all_dates_and_tasks, ISNUMBER(SEARCH($C10, _xlfn.CHOOSECOLS(_xlpm.all_dates_and_tasks, 2))), TRUE)), MAX(_xlpm.filtered) )} -> 45868 | C10: Introduction to DAX in PowerBI Data Camp CPD | D10: Power BI | E10: Get deeper knowledge about the material showed in class | F10: {=_xlfn.LET( _xlpm.all_dates_and_tasks, _xlfn.VSTACK(_xlfn._TRO_ALL(May!A:C),_xlfn._TRO_ALL( June!A:C),_xlfn._TRO_ALL( July!A:C),_xlfn._TRO_ALL( August!A:C),_xlfn._TRO_ALL(September!A:C),_xlfn._TRO_ALL( October!A:C),_xlfn._TRO_ALL( November!A:C)), _xlpm.filtered, _xlfn._xlws.FILTER(_xlpm.all_dates_and_tasks, ISNUMBER(SEARCH($C10, _xlfn.CHOOSECOLS(_xlpm.all_dates_and_tasks, 2)))), SUM(_xlfn.CHOOSECOLS(_xlpm.filtered, 3)) )} -> 2.75 | H10: Apprenticeship Training | I10: =SUMIF(_xlfn._TRO_ALL(D:D), H10,_xlfn._TRO_ALL( F:F)) -> 1.5
A11: {=_xlfn.LET( _xlpm.all_dates_and_tasks, _xlfn.VSTACK(_xlfn._TRO_ALL(May!A:B),_xlfn._TRO_ALL( June!A:B),_xlfn._TRO_ALL( July!A:B),_xlfn._TRO_ALL( August!A:B),_xlfn._TRO_ALL(September!A:B),_xlfn._TRO_ALL( October!A:B),_xlfn._TRO_ALL( November!A:B),_xlfn._TRO_ALL( December!A:B)), _xlpm.filtered, _xlfn.UNIQUE(_xlfn._xlws.FILTER(_xlpm.all_dates_and_tasks, ISNUMBER(SEARCH($C11, _xlfn.CHOOSECOLS(_xlpm.all_dates_and_tasks, 2))), TRUE)), MIN(_xlpm.filtered) )} -> 45869 | B11: {=_xlfn.LET( _xlpm.all_dates_and_tasks, _xlfn.VSTACK(_xlfn._TRO_ALL(May!A:B),_xlfn._TRO_ALL( June!A:B),_xlfn._TRO_ALL( July!A:B),_xlfn._TRO_ALL( August!A:B),_xlfn._TRO_ALL(September!A:B),_xlfn._TRO_ALL( October!A:B),_xlfn._TRO_ALL( November!A:B),_xlfn._TRO_ALL( December!A:B)), _xlpm.filtered, _xlfn.UNIQUE(_xlfn._xlws.FILTER(_xlpm.all_dates_and_tasks, ISNUMBER(SEARCH($C11, _xlfn.CHOOSECOLS(_xlpm.all_dates_and_tasks, 2))), TRUE)), MAX(_xlpm.filtered) )} -> 45869 | C11: Data Visualisation in Power BI Data Camp CPD | D11: Power BI | E11: Get deeper knowledge about the material showed in class | F11: {=_xlfn.LET( _xlpm.all_dates_and_tasks, _xlfn.VSTACK(_xlfn._TRO_ALL(May!A:C),_xlfn._TRO_ALL( June!A:C),_xlfn._TRO_ALL( July!A:C),_xlfn._TRO_ALL( August!A:C),_xlfn._TRO_ALL(September!A:C),_xlfn._TRO_ALL( October!A:C),_xlfn._TRO_ALL( November!A:C)), _xlpm.filtered, _xlfn._xlws.FILTER(_xlpm.all_dates_and_tasks, ISNUMBER(SEARCH($C11, _xlfn.CHOOSECOLS(_xlpm.all_dates_and_tasks, 2)))), SUM(_xlfn.CHOOSECOLS(_xlpm.filtered, 3)) )} -> 4.5 | H11: CPD Bitesize | I11: =SUMIF(_xlfn._TRO_ALL(D:D), H11,_xlfn._TRO_ALL( F:F)) -> 0.5
A12: {=_xlfn.LET( _xlpm.all_dates_and_tasks, _xlfn.VSTACK(_xlfn._TRO_ALL(May!A:B),_xlfn._TRO_ALL( June!A:B),_xlfn._TRO_ALL( July!A:B),_xlfn._TRO_ALL( August!A:B),_xlfn._TRO_ALL(September!A:B),_xlfn._TRO_ALL( October!A:B),_xlfn._TRO_ALL( November!A:B),_xlfn._TRO_ALL( December!A:B)), _xlpm.filtered, _xlfn.UNIQUE(_xlfn._xlws.FILTER(_xlpm.all_dates_and_tasks, ISNUMBER(SEARCH($C12, _xlfn.CHOOSECOLS(_xlpm.all_dates_and_tasks, 2))), TRUE)), MIN(_xlpm.filtered) )} -> 45870 | B12: {=_xlfn.LET( _xlpm.all_dates_and_tasks, _xlfn.VSTACK(_xlfn._TRO_ALL(May!A:B),_xlfn._TRO_ALL( June!A:B),_xlfn._TRO_ALL( July!A:B),_xlfn._TRO_ALL( August!A:B),_xlfn._TRO_ALL(September!A:B),_xlfn._TRO_ALL( October!A:B),_xlfn._TRO_ALL( November!A:B),_xlfn._TRO_ALL( December!A:B)), _xlpm.filtered, _xlfn.UNIQUE(_xlfn._xlws.FILTER(_xlpm.all_dates_and_tasks, ISNUMBER(SEARCH($C12, _xlfn.CHOOSECOLS(_xlpm.all_dates_and_tasks, 2))), TRUE)), MAX(_xlpm.filtered) )} -> 45897 | C12: Case Study: Analyzing Customer Churn in Power BI Data Camp CPD | D12: Power BI | E12: Get deeper knowledge about the material showed in class | F12: {=_xlfn.LET( _xlpm.all_dates_and_tasks, _xlfn.VSTACK(_xlfn._TRO_ALL(May!A:C),_xlfn._TRO_ALL( June!A:C),_xlfn._TRO_ALL( July!A:C),_xlfn._TRO_ALL( August!A:C),_xlfn._TRO_ALL(September!A:C),_xlfn._TRO_ALL( October!A:C),_xlfn._TRO_ALL( November!A:C)), _xlpm.filtered, _xlfn._xlws.FILTER(_xlpm.all_dates_and_tasks, ISNUMBER(SEARCH($C12, _xlfn.CHOOSECOLS(_xlpm.all_dates_and_tasks, 2)))), SUM(_xlfn.CHOOSECOLS(_xlpm.filtered, 3)) )} -> 4
A13: {=_xlfn.LET( _xlpm.all_dates_and_tasks, _xlfn.VSTACK(_xlfn._TRO_ALL(May!A:B),_xlfn._TRO_ALL( June!A:B),_xlfn._TRO_ALL( July!A:B),_xlfn._TRO_ALL( August!A:B),_xlfn._TRO_ALL(September!A:B),_xlfn._TRO_ALL( October!A:B),_xlfn._TRO_ALL( November!A:B),_xlfn._TRO_ALL( December!A:B)), _xlpm.filtered, _xlfn.UNIQUE(_xlfn._xlws.FILTER(_xlpm.all_dates_and_tasks, ISNUMBER(SEARCH($C13, _xlfn.CHOOSECOLS(_xlpm.all_dates_and_tasks, 2))), TRUE)), MIN(_xlpm.filtered) )} -> 45898 | B13: {=_xlfn.LET( _xlpm.all_dates_and_tasks, _xlfn.VSTACK(_xlfn._TRO_ALL(May!A:B),_xlfn._TRO_ALL( June!A:B),_xlfn._TRO_ALL( July!A:B),_xlfn._TRO_ALL( August!A:B),_xlfn._TRO_ALL(September!A:B),_xlfn._TRO_ALL( October!A:B),_xlfn._TRO_ALL( November!A:B),_xlfn._TRO_ALL( December!A:B)), _xlpm.filtered, _xlfn.UNIQUE(_xlfn._xlws.FILTER(_xlpm.all_dates_and_tasks, ISNUMBER(SEARCH($C13, _xlfn.CHOOSECOLS(_xlpm.all_dates_and_tasks, 2))), TRUE)), MAX(_xlpm.filtered) )} -> 45898 | C13: Data Preparation for Power BI Data Camp CPD | D13: Power BI | E13: Get deeper knowledge about the material showed in class | F13: {=_xlfn.LET( _xlpm.all_dates_and_tasks, _xlfn.VSTACK(_xlfn._TRO_ALL(May!A:C),_xlfn._TRO_ALL( June!A:C),_xlfn._TRO_ALL( July!A:C),_xlfn._TRO_ALL( August!A:C),_xlfn._TRO_ALL(September!A:C),_xlfn._TRO_ALL( October!A:C),_xlfn._TRO_ALL( November!A:C)), _xlpm.filtered, _xlfn._xlws.FILTER(_xlpm.all_dates_and_tasks, ISNUMBER(SEARCH($C13, _xlfn.CHOOSECOLS(_xlpm.all_dates_and_tasks, 2)))), SUM(_xlfn.CHOOSECOLS(_xlpm.filtered, 3)) )} -> 3.75
A14: {=_xlfn.LET( _xlpm.all_dates_and_tasks, _xlfn.VSTACK(_xlfn._TRO_ALL(May!A:B),_xlfn._TRO_ALL( June!A:B),_xlfn._TRO_ALL( July!A:B),_xlfn._TRO_ALL( August!A:B),_xlfn._TRO_ALL(September!A:B),_xlfn._TRO_ALL( October!A:B),_xlfn._TRO_ALL( November!A:B),_xlfn._TRO_ALL( December!A:B)), _xlpm.filtered, _xlfn.UNIQUE(_xlfn._xlws.FILTER(_xlpm.all_dates_and_tasks, ISNUMBER(SEARCH($C14, _xlfn.CHOOSECOLS(_xlpm.all_dates_and_tasks, 2))), TRUE)), MIN(_xlpm.filtered) )} -> 45898 | B14: {=_xlfn.LET( _xlpm.all_dates_and_tasks, _xlfn.VSTACK(_xlfn._TRO_ALL(May!A:B),_xlfn._TRO_ALL( June!A:B),_xlfn._TRO_ALL( July!A:B),_xlfn._TRO_ALL( August!A:B),_xlfn._TRO_ALL(September!A:B),_xlfn._TRO_ALL( October!A:B),_xlfn._TRO_ALL( November!A:B),_xlfn._TRO_ALL( December!A:B)), _xlpm.filtered, _xlfn.UNIQUE(_xlfn._xlws.FILTER(_xlpm.all_dates_and_tasks, ISNUMBER(SEARCH($C14, _xlfn.CHOOSECOLS(_xlpm.all_dates_and_tasks, 2))), TRUE)), MAX(_xlpm.filtered) )} -> 45912 | C14: Data Modeling in Power BI Data Camp CPD | D14: Power BI | E14: Get deeper knowledge about the material showed in class | F14: {=_xlfn.LET( _xlpm.all_dates_and_tasks, _xlfn.VSTACK(_xlfn._TRO_ALL(May!A:C),_xlfn._TRO_ALL( June!A:C),_xlfn._TRO_ALL( July!A:C),_xlfn._TRO_ALL( August!A:C),_xlfn._TRO_ALL(September!A:C),_xlfn._TRO_ALL( October!A:C),_xlfn._TRO_ALL( November!A:C)), _xlpm.filtered, _xlfn._xlws.FILTER(_xlpm.all_dates_and_tasks, ISNUMBER(SEARCH($C14, _xlfn.CHOOSECOLS(_xlpm.all_dates_and_tasks, 2)))), SUM(_xlfn.CHOOSECOLS(_xlpm.filtered, 3)) )} -> 3.5
A15: {=_xlfn.LET( _xlpm.all_dates_and_tasks, _xlfn.VSTACK(_xlfn._TRO_ALL(May!A:B),_xlfn._TRO_ALL( June!A:B),_xlfn._TRO_ALL( July!A:B),_xlfn._TRO_ALL( August!A:B),_xlfn._TRO_ALL(September!A:B),_xlfn._TRO_ALL( October!A:B),_xlfn._TRO_ALL( November!A:B),_xlfn._TRO_ALL( December!A:B)), _xlpm.filtered, _xlfn.UNIQUE(_xlfn._xlws.FILTER(_xlpm.all_dates_and_tasks, ISNUMBER(SEARCH($C15, _xlfn.CHOOSECOLS(_xlpm.all_dates_and_tasks, 2))), TRUE)), MIN(_xlpm.filtered) )} -> 45912 | B15: {=_xlfn.LET( _xlpm.all_dates_and_tasks, _xlfn.VSTACK(_xlfn._TRO_ALL(May!A:B),_xlfn._TRO_ALL( June!A:B),_xlfn._TRO_ALL( July!A:B),_xlfn._TRO_ALL( August!A:B),_xlfn._TRO_ALL(September!A:B),_xlfn._TRO_ALL( October!A:B),_xlfn._TRO_ALL( November!A:B),_xlfn._TRO_ALL( December!A:B)), _xlpm.filtered, _xlfn.UNIQUE(_xlfn._xlws.FILTER(_xlpm.all_dates_and_tasks, ISNUMBER(SEARCH($C15, _xlfn.CHOOSECOLS(_xlpm.all_dates_and_tasks, 2))), TRUE)), MAX(_xlpm.filtered) )} -> 45925 | C15: Introduction to Python Data Camp CPD | D15: Python | E15: Get deeper knowledge about the material showed in class | F15: {=_xlfn.LET( _xlpm.all_dates_and_tasks, _xlfn.VSTACK(_xlfn._TRO_ALL(May!A:C),_xlfn._TRO_ALL( June!A:C),_xlfn._TRO_ALL( July!A:C),_xlfn._TRO_ALL( August!A:C),_xlfn._TRO_ALL(September!A:C),_xlfn._TRO_ALL( October!A:C),_xlfn._TRO_ALL( November!A:C)), _xlpm.filtered, _xlfn._xlws.FILTER(_xlpm.all_dates_and_tasks, ISNUMBER(SEARCH($C15, _xlfn.CHOOSECOLS(_xlpm.all_dates_and_tasks, 2)))), SUM(_xlfn.CHOOSECOLS(_xlpm.filtered, 3)) )} -> 1.25
A16: {=_xlfn.LET( _xlpm.all_dates_and_tasks, _xlfn.VSTACK(_xlfn._TRO_ALL(May!A:B),_xlfn._TRO_ALL( June!A:B),_xlfn._TRO_ALL( July!A:B),_xlfn._TRO_ALL( August!A:B),_xlfn._TRO_ALL(September!A:B),_xlfn._TRO_ALL( October!A:B),_xlfn._TRO_ALL( November!A:B),_xlfn._TRO_ALL( December!A:B)), _xlpm.filtered, _xlfn.UNIQUE(_xlfn._xlws.FILTER(_xlpm.all_dates_and_tasks, ISNUMBER(SEARCH($C16, _xlfn.CHOOSECOLS(_xlpm.all_dates_and_tasks, 2))), TRUE)), MIN(_xlpm.filtered) )} -> 45923 | B16: {=_xlfn.LET( _xlpm.all_dates_and_tasks, _xlfn.VSTACK(_xlfn._TRO_ALL(May!A:B),_xlfn._TRO_ALL( June!A:B),_xlfn._TRO_ALL( July!A:B),_xlfn._TRO_ALL( August!A:B),_xlfn._TRO_ALL(September!A:B),_xlfn._TRO_ALL( October!A:B),_xlfn._TRO_ALL( November!A:B),_xlfn._TRO_ALL( December!A:B)), _xlpm.filtered, _xlfn.UNIQUE(_xlfn._xlws.FILTER(_xlpm.all_dates_and_tasks, ISNUMBER(SEARCH($C16, _xlfn.CHOOSECOLS(_xlpm.all_dates_and_tasks, 2))), TRUE)), MAX(_xlpm.filtered) )} -> 45968 | C16: AET Training CPD (presence) | D16: Education & Training | E16: Obtain my Level 3 certification | F16: {=_xlfn.LET( _xlpm.all_dates_and_tasks, _xlfn.VSTACK(_xlfn._TRO_ALL(May!A:C),_xlfn._TRO_ALL( June!A:C),_xlfn._TRO_ALL( July!A:C),_xlfn._TRO_ALL( August!A:C),_xlfn._TRO_ALL(September!A:C),_xlfn._TRO_ALL( October!A:C),_xlfn._TRO_ALL( November!A:C)), _xlpm.filtered, _xlfn._xlws.FILTER(_xlpm.all_dates_and_tasks, ISNUMBER(SEARCH($C16, _xlfn.CHOOSECOLS(_xlpm.all_dates_and_tasks, 2)))), SUM(_xlfn.CHOOSECOLS(_xlpm.filtered, 3)) )} -> 10.5
A17: {=_xlfn.LET( _xlpm.all_dates_and_tasks, _xlfn.VSTACK(_xlfn._TRO_ALL(May!A:B),_xlfn._TRO_ALL( June!A:B),_xlfn._TRO_ALL( July!A:B),_xlfn._TRO_ALL( August!A:B),_xlfn._TRO_ALL(September!A:B),_xlfn._TRO_ALL( October!A:B),_xlfn._TRO_ALL( November!A:B),_xlfn._TRO_ALL( December!A:B)), _xlpm.filtered, _xlfn.UNIQUE(_xlfn._xlws.FILTER(_xlpm.all_dates_and_tasks, ISNUMBER(SEARCH($C17, _xlfn.CHOOSECOLS(_xlpm.all_dates_and_tasks, 2))), TRUE)), MIN(_xlpm.filtered) )} -> 45923 | B17: {=_xlfn.LET( _xlpm.all_dates_and_tasks, _xlfn.VSTACK(_xlfn._TRO_ALL(May!A:B),_xlfn._TRO_ALL( June!A:B),_xlfn._TRO_ALL( July!A:B),_xlfn._TRO_ALL( August!A:B),_xlfn._TRO_ALL(September!A:B),_xlfn._TRO_ALL( October!A:B),_xlfn._TRO_ALL( November!A:B),_xlfn._TRO_ALL( December!A:B)), _xlpm.filtered, _xlfn.UNIQUE(_xlfn._xlws.FILTER(_xlpm.all_dates_and_tasks, ISNUMBER(SEARCH($C17, _xlfn.CHOOSECOLS(_xlpm.all_dates_and_tasks, 2))), TRUE)), MAX(_xlpm.filtered) )} -> 45929 | C17: AET Training CPD (catching up) | D17: Education & Training | E17: Obtain my Level 3 certification | F17: {=_xlfn.LET( _xlpm.all_dates_and_tasks, _xlfn.VSTACK(_xlfn._TRO_ALL(May!A:C),_xlfn._TRO_ALL( June!A:C),_xlfn._TRO_ALL( July!A:C),_xlfn._TRO_ALL( August!A:C),_xlfn._TRO_ALL(September!A:C),_xlfn._TRO_ALL( October!A:C),_xlfn._TRO_ALL( November!A:C)), _xlpm.filtered, _xlfn._xlws.FILTER(_xlpm.all_dates_and_tasks, ISNUMBER(SEARCH($C17, _xlfn.CHOOSECOLS(_xlpm.all_dates_and_tasks, 2)))), SUM(_xlfn.CHOOSECOLS(_xlpm.filtered, 3)) )} -> 7.25
A18: {=_xlfn.LET( _xlpm.all_dates_and_tasks, _xlfn.VSTACK(_xlfn._TRO_ALL(May!A:B),_xlfn._TRO_ALL( June!A:B),_xlfn._TRO_ALL( July!A:B),_xlfn._TRO_ALL( August!A:B),_xlfn._TRO_ALL(September!A:B),_xlfn._TRO_ALL( October!A:B),_xlfn._TRO_ALL( November!A:B),_xlfn._TRO_ALL( December!A:B)), _xlpm.filtered, _xlfn.UNIQUE(_xlfn._xlws.FILTER(_xlpm.all_dates_and_tasks, ISNUMBER(SEARCH($C18, _xlfn.CHOOSECOLS(_xlpm.all_dates_and_tasks, 2))), TRUE)), MIN(_xlpm.filtered) )} -> 45924 | B18: {=_xlfn.LET( _xlpm.all_dates_and_tasks, _xlfn.VSTACK(_xlfn._TRO_ALL(May!A:B),_xlfn._TRO_ALL( June!A:B),_xlfn._TRO_ALL( July!A:B),_xlfn._TRO_ALL( August!A:B),_xlfn._TRO_ALL(September!A:B),_xlfn._TRO_ALL( October!A:B),_xlfn._TRO_ALL( November!A:B),_xlfn._TRO_ALL( December!A:B)), _xlpm.filtered, _xlfn.UNIQUE(_xlfn._xlws.FILTER(_xlpm.all_dates_and_tasks, ISNUMBER(SEARCH($C18, _xlfn.CHOOSECOLS(_xlpm.all_dates_and_tasks, 2))), TRUE)), MAX(_xlpm.filtered) )} -> 45971 | C18: AET Training CPD (personal work - portfolio) | D18: Education & Training | E18: Obtain my Level 3 certification | F18: {=_xlfn.LET( _xlpm.all_dates_and_tasks, _xlfn.VSTACK(_xlfn._TRO_ALL(May!A:C),_xlfn._TRO_ALL( June!A:C),_xlfn._TRO_ALL( July!A:C),_xlfn._TRO_ALL( August!A:C),_xlfn._TRO_ALL(September!A:C),_xlfn._TRO_ALL( October!A:C),_xlfn._TRO_ALL( November!A:C)), _xlpm.filtered, _xlfn._xlws.FILTER(_xlpm.all_dates_and_tasks, ISNUMBER(SEARCH($C18, _xlfn.CHOOSECOLS(_xlpm.all_dates_and_tasks, 2)))), SUM(_xlfn.CHOOSECOLS(_xlpm.filtered, 3)) )} -> 38.25
A19: {=_xlfn.LET( _xlpm.all_dates_and_tasks, _xlfn.VSTACK(_xlfn._TRO_ALL(May!A:B),_xlfn._TRO_ALL( June!A:B),_xlfn._TRO_ALL( July!A:B),_xlfn._TRO_ALL( August!A:B),_xlfn._TRO_ALL(September!A:B),_xlfn._TRO_ALL( October!A:B),_xlfn._TRO_ALL( November!A:B),_xlfn._TRO_ALL( December!A:B)), _xlpm.filtered, _xlfn.UNIQUE(_xlfn._xlws.FILTER(_xlpm.all_dates_and_tasks, ISNUMBER(SEARCH($C19, _xlfn.CHOOSECOLS(_xlpm.all_dates_and_tasks, 2))), TRUE)), MIN(_xlpm.filtered) )} -> 45925 | B19: {=_xlfn.LET( _xlpm.all_dates_and_tasks, _xlfn.VSTACK(_xlfn._TRO_ALL(May!A:B),_xlfn._TRO_ALL( June!A:B),_xlfn._TRO_ALL( July!A:B),_xlfn._TRO_ALL( August!A:B),_xlfn._TRO_ALL(September!A:B),_xlfn._TRO_ALL( October!A:B),_xlfn._TRO_ALL( November!A:B),_xlfn._TRO_ALL( December!A:B)), _xlpm.filtered, _xlfn.UNIQUE(_xlfn._xlws.FILTER(_xlpm.all_dates_and_tasks, ISNUMBER(SEARCH($C19, _xlfn.CHOOSECOLS(_xlpm.all_dates_and_tasks, 2))), TRUE)), MAX(_xlpm.filtered) )} -> 45926 | C19: Intermediate Python Data Camp CPD | D19: Python | E19: Get deeper knowledge about the material showed in class | F19: {=_xlfn.LET( _xlpm.all_dates_and_tasks, _xlfn.VSTACK(_xlfn._TRO_ALL(May!A:C),_xlfn._TRO_ALL( June!A:C),_xlfn._TRO_ALL( July!A:C),_xlfn._TRO_ALL( August!A:C),_xlfn._TRO_ALL(September!A:C),_xlfn._TRO_ALL( October!A:C),_xlfn._TRO_ALL( November!A:C)), _xlpm.filtered, _xlfn._xlws.FILTER(_xlpm.all_dates_and_tasks, ISNUMBER(SEARCH($C19, _xlfn.CHOOSECOLS(_xlpm.all_dates_and_tasks, 2)))), SUM(_xlfn.CHOOSECOLS(_xlpm.filtered, 3)) )} -> 5.75
A20: {=_xlfn.LET( _xlpm.all_dates_and_tasks, _xlfn.VSTACK(_xlfn._TRO_ALL(May!A:B),_xlfn._TRO_ALL( June!A:B),_xlfn._TRO_ALL( July!A:B),_xlfn._TRO_ALL( August!A:B),_xlfn._TRO_ALL(September!A:B),_xlfn._TRO_ALL( October!A:B),_xlfn._TRO_ALL( November!A:B),_xlfn._TRO_ALL( December!A:B)), _xlpm.filtered, _xlfn.UNIQUE(_xlfn._xlws.FILTER(_xlpm.all_dates_and_tasks, ISNUMBER(SEARCH($C20, _xlfn.CHOOSECOLS(_xlpm.all_dates_and_tasks, 2))), TRUE)), MIN(_xlpm.filtered) )} -> 45936 | B20: {=_xlfn.LET( _xlpm.all_dates_and_tasks, _xlfn.VSTACK(_xlfn._TRO_ALL(May!A:B),_xlfn._TRO_ALL( June!A:B),_xlfn._TRO_ALL( July!A:B),_xlfn._TRO_ALL( August!A:B),_xlfn._TRO_ALL(September!A:B),_xlfn._TRO_ALL( October!A:B),_xlfn._TRO_ALL( November!A:B),_xlfn._TRO_ALL( December!A:B)), _xlpm.filtered, _xlfn.UNIQUE(_xlfn._xlws.FILTER(_xlpm.all_dates_and_tasks, ISNUMBER(SEARCH($C20, _xlfn.CHOOSECOLS(_xlpm.all_dates_and_tasks, 2))), TRUE)), MAX(_xlpm.filtered) )} -> 45937 | C20: Understanding Artificial Intelligence Data Camp CPD | D20: Artificial Intelligence | E20: Get deeper knowledge about the material showed in class | F20: {=_xlfn.LET( _xlpm.all_dates_and_tasks, _xlfn.VSTACK(_xlfn._TRO_ALL(May!A:C),_xlfn._TRO_ALL( June!A:C),_xlfn._TRO_ALL( July!A:C),_xlfn._TRO_ALL( August!A:C),_xlfn._TRO_ALL(September!A:C),_xlfn._TRO_ALL( October!A:C),_xlfn._TRO_ALL( November!A:C)), _xlpm.filtered, _xlfn._xlws.FILTER(_xlpm.all_dates_and_tasks, ISNUMBER(SEARCH($C20, _xlfn.CHOOSECOLS(_xlpm.all_dates_and_tasks, 2)))), SUM(_xlfn.CHOOSECOLS(_xlpm.filtered, 3)) )} -> 3
A21: {=_xlfn.LET( _xlpm.all_dates_and_tasks, _xlfn.VSTACK(_xlfn._TRO_ALL(May!A:B),_xlfn._TRO_ALL( June!A:B),_xlfn._TRO_ALL( July!A:B),_xlfn._TRO_ALL( August!A:B),_xlfn._TRO_ALL(September!A:B),_xlfn._TRO_ALL( October!A:B),_xlfn._TRO_ALL( November!A:B),_xlfn._TRO_ALL( December!A:B)), _xlpm.filtered, _xlfn.UNIQUE(_xlfn._xlws.FILTER(_xlpm.all_dates_and_tasks, ISNUMBER(SEARCH($C21, _xlfn.CHOOSECOLS(_xlpm.all_dates_and_tasks, 2))), TRUE)), MIN(_xlpm.filtered) )} -> 45936 | B21: {=_xlfn.LET( _xlpm.all_dates_and_tasks, _xlfn.VSTACK(_xlfn._TRO_ALL(May!A:B),_xlfn._TRO_ALL( June!A:B),_xlfn._TRO_ALL( July!A:B),_xlfn._TRO_ALL( August!A:B),_xlfn._TRO_ALL(September!A:B),_xlfn._TRO_ALL( October!A:B),_xlfn._TRO_ALL( November!A:B),_xlfn._TRO_ALL( December!A:B)), _xlpm.filtered, _xlfn.UNIQUE(_xlfn._xlws.FILTER(_xlpm.all_dates_and_tasks, ISNUMBER(SEARCH($C21, _xlfn.CHOOSECOLS(_xlpm.all_dates_and_tasks, 2))), TRUE)), MAX(_xlpm.filtered) )} -> 45937 | C21: AET Training CPD (personal work - microteach) | D21: Education & Training | E21: Obtain my Level 3 certification | F21: {=_xlfn.LET( _xlpm.all_dates_and_tasks, _xlfn.VSTACK(_xlfn._TRO_ALL(May!A:C),_xlfn._TRO_ALL( June!A:C),_xlfn._TRO_ALL( July!A:C),_xlfn._TRO_ALL( August!A:C),_xlfn._TRO_ALL(September!A:C),_xlfn._TRO_ALL( October!A:C),_xlfn._TRO_ALL( November!A:C)), _xlpm.filtered, _xlfn._xlws.FILTER(_xlpm.all_dates_and_tasks, ISNUMBER(SEARCH($C21, _xlfn.CHOOSECOLS(_xlpm.all_dates_and_tasks, 2)))), SUM(_xlfn.CHOOSECOLS(_xlpm.filtered, 3)) )} -> 1.75
A22: {=_xlfn.LET( _xlpm.all_dates_and_tasks, _xlfn.VSTACK(_xlfn._TRO_ALL(May!A:B),_xlfn._TRO_ALL( June!A:B),_xlfn._TRO_ALL( July!A:B),_xlfn._TRO_ALL( August!A:B),_xlfn._TRO_ALL(September!A:B),_xlfn._TRO_ALL( October!A:B),_xlfn._TRO_ALL( November!A:B),_xlfn._TRO_ALL( December!A:B)), _xlpm.filtered, _xlfn.UNIQUE(_xlfn._xlws.FILTER(_xlpm.all_dates_and_tasks, ISNUMBER(SEARCH($C22, _xlfn.CHOOSECOLS(_xlpm.all_dates_and_tasks, 2))), TRUE)), MIN(_xlpm.filtered) )} -> 45937 | B22: {=_xlfn.LET( _xlpm.all_dates_and_tasks, _xlfn.VSTACK(_xlfn._TRO_ALL(May!A:B),_xlfn._TRO_ALL( June!A:B),_xlfn._TRO_ALL( July!A:B),_xlfn._TRO_ALL( August!A:B),_xlfn._TRO_ALL(September!A:B),_xlfn._TRO_ALL( October!A:B),_xlfn._TRO_ALL( November!A:B),_xlfn._TRO_ALL( December!A:B)), _xlpm.filtered, _xlfn.UNIQUE(_xlfn._xlws.FILTER(_xlpm.all_dates_and_tasks, ISNUMBER(SEARCH($C22, _xlfn.CHOOSECOLS(_xlpm.all_dates_and_tasks, 2))), TRUE)), MAX(_xlpm.filtered) )} -> 45937 | C22: Understanding ChatGPT Data Camp CPD | D22: Artificial Intelligence | E22: Get deeper knowledge about the material showed in class | F22: {=_xlfn.LET( _xlpm.all_dates_and_tasks, _xlfn.VSTACK(_xlfn._TRO_ALL(May!A:C),_xlfn._TRO_ALL( June!A:C),_xlfn._TRO_ALL( July!A:C),_xlfn._TRO_ALL( August!A:C),_xlfn._TRO_ALL(September!A:C),_xlfn._TRO_ALL( October!A:C),_xlfn._TRO_ALL( November!A:C)), _xlpm.filtered, _xlfn._xlws.FILTER(_xlpm.all_dates_and_tasks, ISNUMBER(SEARCH($C22, _xlfn.CHOOSECOLS(_xlpm.all_dates_and_tasks, 2)))), SUM(_xlfn.CHOOSECOLS(_xlpm.filtered, 3)) )} -> 1
A23: {=_xlfn.LET( _xlpm.all_dates_and_tasks, _xlfn.VSTACK(_xlfn._TRO_ALL(May!A:B),_xlfn._TRO_ALL( June!A:B),_xlfn._TRO_ALL( July!A:B),_xlfn._TRO_ALL( August!A:B),_xlfn._TRO_ALL(September!A:B),_xlfn._TRO_ALL( October!A:B),_xlfn._TRO_ALL( November!A:B),_xlfn._TRO_ALL( December!A:B)), _xlpm.filtered, _xlfn.UNIQUE(_xlfn._xlws.FILTER(_xlpm.all_dates_and_tasks, ISNUMBER(SEARCH($C23, _xlfn.CHOOSECOLS(_xlpm.all_dates_and_tasks, 2))), TRUE)), MIN(_xlpm.filtered) )} -> 45937 | B23: {=_xlfn.LET( _xlpm.all_dates_and_tasks, _xlfn.VSTACK(_xlfn._TRO_ALL(May!A:B),_xlfn._TRO_ALL( June!A:B),_xlfn._TRO_ALL( July!A:B),_xlfn._TRO_ALL( August!A:B),_xlfn._TRO_ALL(September!A:B),_xlfn._TRO_ALL( October!A:B),_xlfn._TRO_ALL( November!A:B),_xlfn._TRO_ALL( December!A:B)), _xlpm.filtered, _xlfn.UNIQUE(_xlfn._xlws.FILTER(_xlpm.all_dates_and_tasks, ISNUMBER(SEARCH($C23, _xlfn.CHOOSECOLS(_xlpm.all_dates_and_tasks, 2))), TRUE)), MAX(_xlpm.filtered) )} -> 45938 | C23: Creating dashboards in Tableau Data Camp CPD | D23: Tableau | E23: Get deeper knowledge about the material showed in class | F23: {=_xlfn.LET( _xlpm.all_dates_and_tasks, _xlfn.VSTACK(_xlfn._TRO_ALL(May!A:C),_xlfn._TRO_ALL( June!A:C),_xlfn._TRO_ALL( July!A:C),_xlfn._TRO_ALL( August!A:C),_xlfn._TRO_ALL(September!A:C),_xlfn._TRO_ALL( October!A:C),_xlfn._TRO_ALL( November!A:C)), _xlpm.filtered, _xlfn._xlws.FILTER(_xlpm.all_dates_and_tasks, ISNUMBER(SEARCH($C23, _xlfn.CHOOSECOLS(_xlpm.all_dates_and_tasks, 2)))), SUM(_xlfn.CHOOSECOLS(_xlpm.filtered, 3)) )} -> 4
... A32: {=_xlfn.LET( _xlpm.all_dates_and_tasks, _xlfn.VSTACK(_xlfn._TRO_ALL(May!A:B),_xlfn._TRO_ALL( June!A:B),_xlfn._TRO_ALL( July!A:B),_xlfn._TRO_ALL( August!A:B),_xlfn._TRO_ALL(September!A:B),_xlfn._TRO_ALL( October!A:B),_xlfn._TRO_ALL( November!A:B),_xlfn._TRO_ALL( December!A:B)), _xlpm.filtered, _xlfn.UNIQUE(_xlfn._xlws.FILTER(_xlpm.all_dates_and_tasks, ISNUMBER(SEARCH($C32, _xlfn.CHOOSECOLS(_xlpm.all_dates_and_tasks, 2))), TRUE)), MIN(_xlpm.filtered) )} -> 45989 | B32: {=_xlfn.LET( _xlpm.all_dates_and_tasks, _xlfn.VSTACK(_xlfn._TRO_ALL(May!A:B),_xlfn._TRO_ALL( June!A:B),_xlfn._TRO_ALL( July!A:B),_xlfn._TRO_ALL( August!A:B),_xlfn._TRO_ALL(September!A:B),_xlfn._TRO_ALL( October!A:B),_xlfn._TRO_ALL( November!A:B),_xlfn._TRO_ALL( December!A:B)), _xlpm.filtered, _xlfn.UNIQUE(_xlfn._xlws.FILTER(_xlpm.all_dates_and_tasks, ISNUMBER(SEARCH($C32, _xlfn.CHOOSECOLS(_xlpm.all_dates_and_tasks, 2))), TRUE)), MAX(_xlpm.filtered) )} -> 45989 | C32: Investigating Netflix Movied Data camp CPD | D32: Python | E32: Get deeper knowledge about the material showed in class | F32: {=_xlfn.LET( _xlpm.all_dates_and_tasks, _xlfn.VSTACK(_xlfn._TRO_ALL(May!A:C),_xlfn._TRO_ALL( June!A:C),_xlfn._TRO_ALL( July!A:C),_xlfn._TRO_ALL( August!A:C),_xlfn._TRO_ALL(September!A:C),_xlfn._TRO_ALL( October!A:C),_xlfn._TRO_ALL( November!A:C)), _xlpm.filtered, _xlfn._xlws.FILTER(_xlpm.all_dates_and_tasks, ISNUMBER(SEARCH($C32, _xlfn.CHOOSECOLS(_xlpm.all_dates_and_tasks, 2)))), SUM(_xlfn.CHOOSECOLS(_xlpm.filtered, 3)) )} -> 1
